id,domain,status,purchase_price,renewal_price,attractiveness,demand,length,registrar,created_at,expires_at,status_verified_at
0d288e09-2af0-48c1-b8af-56e01917d7c4,ponderous.tv,available,26.99,26.99,medium,low,9,namesilo,,,24/08/2026 11:10
32ec9823-bb78-4f5f-95fd-4729f1cc1007,meeter.tv,available,26.99,26.99,medium,low,6,namesilo,,,21/09/2026 01:27
ee801315-98ae-4093-b9c0-858168ceeca4,sulfuric.tv,available,26.99,26.99,medium,low,8,namesilo,,,11/09/2026 01:29
6f90670d-d7aa-4263-a0d2-3b57c5e1592a,checkered.tv,available,26.99,26.99,medium,low,9,namesilo,,,12/08/2026 03:38
aa134c8e-dcb8-4057-843d-32ab711a995d,congregation.tv,resell,,,high,low,12,"Global Domains International, Inc. DBA DomainCostClub.com",13/04/2007 02:48,13/04/2027 02:48,26/09/2026 05:11
7f234fe8-264a-499d-b5db-3ea5b8a65ff9,totemic.tv,available,29.98,40.98,medium,low,7,namecheap,,,11/09/2026 18:10
4daf470b-aa68-43a6-b8d1-eed73c6e5bff,evrything.tv,available,26.99,26.99,medium,low,9,namesilo,,,
58c4eaee-4ada-4233-ae2f-61aebf9f7d06,penial.tv,available,26.99,26.99,medium,low,6,namesilo,,,08/09/2026 14:23
dd0d8f27-b00f-4b0b-b174-977283bcb07a,suave.tv,resell,,,high,low,5,Dynadot Inc,13/12/2020 09:01,13/12/2026 09:01,26/09/2026 09:22
4ce2d808-1d09-4b3b-9965-a4962ccc78d1,biographer.tv,available,29.98,40.98,high,low,10,namecheap,,,23/09/2026 18:07
cb27e123-2267-467f-b7e6-b8bb6ab4cb18,pravda.tv,resell,,,high,low,6,,,,29/09/2026 09:14
efd3eb1d-1577-48fd-8d27-2e8d8d1d0203,belittling.tv,available,26.99,26.99,medium,low,10,namesilo,,,09/08/2026 13:10
eb40b592-8e1a-423d-b68c-d466bc4864f4,westerly.tv,available,26.99,26.99,medium,low,8,namesilo,,,13/09/2026 10:53
253d864c-e247-4754-8be3-20b53f4b323b,roof.tv,resell,,,high,low,4,"GoDaddy.com, LLC",19/03/2010 06:56,19/03/2027 06:56,30/09/2026 10:21
453560b3-6236-4e6c-a799-453735735593,dried.tv,available,29.98,40.98,high,low,5,namecheap,,,14/08/2026 18:59
4e53425a-5640-4c30-a1a1-a22e250890f9,indulgent.tv,available,26.99,26.99,high,low,9,namesilo,,,22/08/2026 03:33
d18f6aa2-d1f2-407d-8ca8-ac97c4846abe,cigar.tv,resell,,,high,low,5,,,,28/09/2026 01:40
eb5266f3-c76d-49a2-a80c-4e26e80ca0e3,celebrity.tv,resell,,,high,low,9,Dynadot Inc,15/01/2010 17:59,15/01/2027 17:59,26/09/2026 04:49
a3552dbf-a54e-4fd9-9c93-e1603004364d,salim.tv,available,26.99,26.99,medium,low,5,namesilo,,,19/09/2026 04:37
eea4dc6d-8d82-48cf-805e-4faf1a38e095,bakshish.tv,available,26.99,26.99,medium,low,8,namesilo,,,21/09/2026 15:53
cb2fd424-44c8-4706-bbc2-766dcd6a1f3b,scuba.tv,resell,,,high,low,5,"eNom, LLC",01/06/2000 07:00,01/06/2027 07:00,26/09/2026 08:52
e6ac5d46-815f-4837-8502-2ed271a8209d,bacillus.tv,available,26.99,26.99,medium,low,8,namesilo,,,21/09/2026 11:42
26dfc37a-8bf7-426d-a49c-9c6995c4a15d,cockney.tv,available,26.99,26.99,medium,low,7,namesilo,,,12/08/2026 14:58
7fb84b01-a37a-416b-88bb-9a508db75740,semiliquid.tv,available,26.99,26.99,medium,low,10,namesilo,,,10/09/2026 03:07
75cda1bd-4762-4a5c-8008-ccaea132f850,quieten.tv,available,26.99,26.99,medium,low,7,namesilo,,,11/08/2026 15:02
c71ac6cd-1b59-4cff-a2f7-a8cd1a3130ed,accusing.tv,available,26.99,26.99,medium,low,8,namesilo,,,
c665a4c6-b726-468e-8283-4e790c5dc8c7,obliging.tv,available,29.98,40.98,high,low,8,namecheap,,,12/08/2026 19:27
a2dcc1ea-840b-4d99-a1db-f429dd436583,grindle.tv,available,29.98,40.98,high,low,7,namecheap,,,18/09/2026 21:21
b260a3f0-e00b-48b2-a424-3a3e39f5ebbe,raids.tv,available,29.98,40.98,medium,low,5,namecheap,,,30/09/2026 07:30
ebbce9e0-50db-488d-935d-30927845a2b8,saler.tv,available,26.99,26.99,medium,low,5,namesilo,,,
aee36078-4bad-4b74-a63d-0d88efc673f4,combatant.tv,available,26.99,26.99,medium,low,9,namesilo,,,09/08/2026 13:29
918cc8d9-635e-4488-a028-36e938a8fa8a,narcotics.tv,resell,,,medium,low,9,,,,28/09/2026 22:46
112918f4-d73d-4d0e-91b5-d8e9d1b8b238,shipwreck.tv,available,26.26,26.26,medium,low,9,porkbun,,,01/10/2026 03:42
000177a2-c0e7-4794-bd96-bab4ba137082,reno.tv,resell,,,high,low,4,,,,28/09/2026 06:40
5eec351d-0c90-4c0b-a12d-768aa5b97949,evolve.tv,resell,,,high,medium,6,Dynadot Inc,25/03/2010 17:47,25/03/2027 17:47,30/09/2026 19:18
de53dfae-833a-4906-a05f-93b4e1909dc0,changing.tv,resell,,,high,low,8,1API GmbH,23/12/2011 03:04,23/12/2026 03:04,26/09/2026 04:51
68dd0d45-baf5-4da1-82ec-19e5387844a7,linguist.tv,available,26.99,26.99,high,low,8,namesilo,,,08/09/2026 23:18
8047d838-5cd3-4c75-8d00-3b5c355dd1aa,obstruct.tv,available,24.98,24.98,medium,low,8,spaceship,,,01/10/2026 01:09
360b5197-34cf-43b2-84d4-25ee9140ce5c,unyielding.tv,available,26.99,26.99,high,low,10,namesilo,,,14/08/2026 15:01
280b0032-f35f-4563-9ac7-c7e0bd7c3b69,grecian.tv,available,29.98,40.98,high,low,7,namecheap,,,20/08/2026 19:44
ebf04292-1eff-4be7-957d-a42adf3cf0fb,cheeses.tv,available,26.99,26.99,high,low,7,namesilo,,,
fe77c73a-adb1-4346-ac3b-cb8edf309399,gemmed.tv,available,29.98,40.98,medium,low,6,namecheap,,,18/08/2026 21:08
67883c02-dd6b-4ecd-99df-31d2fceb78d6,befuddled.tv,available,26.99,26.99,medium,low,9,namesilo,,,07/08/2026 11:41
7331d689-7965-4eb5-bfb3-0aff8d332207,rootbound.tv,available,26.99,26.99,low,low,9,namesilo,,,09/09/2026 00:46
55cd9af8-f6a9-42c6-8975-57dcab1ade2e,des.tv,resell,,,high,low,3,Dynadot Inc,18/03/2013 11:14,18/03/2027 11:14,29/09/2026 14:04
2d7208ad-258b-432d-bcfd-2e6e1681ce87,acarpous.tv,available,26.99,26.99,medium,low,8,namesilo,,,
7fdd7b20-64ae-4d6c-8b72-03ec036a6aa0,switzerland.tv,resell,,,high,high,11,,,,28/09/2026 07:35
6223591b-dbae-4ad5-ab62-e411ce66dcf4,encyclical.tv,available,26.99,26.99,medium,low,10,namesilo,,,17/08/2026 00:42
263b3ac9-503c-4696-b716-a6644d738eaa,banting.tv,available,29.98,40.98,medium,low,7,namecheap,,,22/09/2026 03:15
d04832a9-f893-45ee-8ee7-8a50bee8423c,neutralize.tv,available,26.99,26.99,high,low,10,namesilo,,,01/10/2026 04:11
99902289-14f9-444b-bd1f-d9854bd46b00,goonie.tv,available,26.99,26.99,medium,low,6,namesilo,,,23/09/2026 23:45
1a3bbbdb-9ff5-4214-9f5e-5e1507324d86,resinous.tv,available,26.99,26.99,medium,low,8,namesilo,,,09/09/2026 15:13
d1b2ef2e-c4cd-45ea-9999-b82fa6e8a67b,corinthian.tv,available,26.99,26.99,high,low,10,namesilo,,,13/08/2026 01:16
4079135a-048e-4ac7-a317-789fce9749b7,utilities.tv,available,26.99,26.99,medium,low,9,namesilo,,,30/09/2026 23:34
f2a79cec-9cf8-4a91-a07e-1a454c0b60c0,arco.tv,available,,,high,low,4,,,,
372a6a2e-0f68-4a45-a393-0c8344355777,arability.tv,available,29.98,40.98,medium,low,9,namecheap,,,19/09/2026 23:32
8ef62b95-3eee-4454-8987-cc10dea98b0a,triclinic.tv,available,26.99,26.99,medium,low,9,namesilo,,,
0071f8b0-43f3-481d-a322-5cdf918a37ad,frantic.tv,available,26.99,26.99,medium,low,7,namesilo,,,18/08/2026 14:15
3e597dea-a9a3-40ff-8313-2490bbac0e68,spying.tv,resell,,,medium,low,6,,,,29/09/2026 06:49
abfa4252-d8a6-4270-a2a1-9e236c38ab02,backlash.tv,available,26.99,26.99,high,low,8,namesilo,,,21/09/2026 15:29
3db956ad-7033-46cc-8225-9286238ad724,provides.tv,available,26.99,26.99,medium,low,8,namesilo,,,16/09/2026 11:52
296de97b-af0c-4cdf-b59f-421e194b9060,commercially.tv,available,40.98,,medium,low,12,namecheap,,,
edbd491a-b91f-4a0a-ad57-3a57316ac109,poriferous.tv,available,26.99,26.99,medium,low,10,namesilo,,,08/09/2026 23:59
1874044c-f46b-4f36-953c-8fa8661983af,use.tv,resell,,,high,low,3,"Chengdu West Dimension Digital Technology Co., Ltd.",01/12/2014 14:11,01/12/2026 14:11,29/09/2026 17:38
05b451d9-8b41-4fdd-93bc-d3801f54b9fd,unlucky.tv,available,29.98,40.98,medium,low,7,namecheap,,,21/08/2026 19:11
8c61c749-f691-42fb-9223-d63fc487bf73,directing.tv,resell,,,high,low,9,Dynadot Inc,27/02/2018 02:59,27/02/2027 02:59,26/09/2026 05:34
54f8e0b7-2ff6-44d6-aa0c-02362d8bbffc,desolation.tv,available,26.99,26.99,medium,low,10,namesilo,,,22/09/2026 05:24
493ad2f4-7ffc-4b1a-b27f-47a308697bba,marang.tv,available,26.99,26.99,high,low,6,namesilo,,,20/09/2026 12:01
93d12edc-dc0d-48ba-b815-b8f365e25706,hospitality.tv,resell,,,high,low,11,,,,28/09/2026 04:30
3de76cc5-c69b-4f1b-967c-774f6520f0c8,gun.tv,resell,,,high,low,3,Dynadot Inc,19/12/2010 09:01,19/12/2026 09:01,28/09/2026 17:19
683799d5-a690-410c-8e0b-7a39f67ae9e3,smelling.tv,available,25,25,high,low,8,cloudflare,,,27/09/2026 22:56
d0194c2d-39c7-47d3-a86a-b60e2a95ce95,occluded.tv,available,26.99,26.99,medium,low,8,namesilo,,,04/09/2026 00:12
afd6a98e-b16f-4658-a847-685e2d0ffc5a,outspoken.tv,resell,,,high,low,9,Dynadot Inc,14/06/2019 07:54,14/06/2027 07:54,26/09/2026 07:58
d443c5b0-52a2-480e-a6c6-4c33c7c85462,semen.tv,available,24.98,24.98,medium,low,5,spaceship,,,29/09/2026 18:24
7dd11030-2691-4761-bdfa-6f6ca0b0d8b7,piebald.tv,available,26.99,26.99,medium,low,7,namesilo,,,03/09/2026 10:37
38b06e72-e868-4e42-b810-f77f28fbbcf1,twinkling.tv,available,26.99,26.99,high,low,9,namesilo,,,22/08/2026 07:34
ab0deccc-61c1-4741-845f-f5e9d88c9097,humor.tv,resell,,,high,low,5,Dynadot Inc,17/09/2018 14:47,17/09/2027 14:47,26/09/2026 06:46
238b5293-5b3d-4f8a-a77b-9545c3b2dd61,chomsky.tv,available,26.99,26.99,medium,low,7,namesilo,,,16/09/2026 12:59
f9260bfe-e80b-4602-90e9-b974f6b20229,satiable.tv,available,26.99,26.99,high,low,8,namesilo,,,09/09/2026 21:37
c5632426-573b-4c7d-af69-a00fe2d6a982,hither.tv,available,26.99,26.99,medium,low,6,namesilo,,,15/09/2026 00:48
8b845c6d-28f5-463f-af1b-2a54ef67e2e1,melvin.tv,resell,,,high,low,6,"GoDaddy.com, LLC",21/03/2010 02:06,21/03/2027 02:06,26/09/2026 07:30
04937aa2-c31b-427b-a3c1-6081eaa59327,reactors.tv,available,26.25,26.25,medium,low,8,dynadot,,,29/09/2026 23:56
4eb79ec1-b108-4aac-811d-111c48e350e6,beecher.tv,available,26.99,26.99,medium,low,7,namesilo,,,23/09/2026 00:12
012cbd8a-65c8-4e77-90e8-4a7c5e9637aa,dreaded.tv,available,26.99,26.99,medium,low,7,namesilo,,,14/08/2026 08:53
2f491419-92dc-40a5-b53c-a64e20e9bc3e,grayer.tv,available,26.99,26.99,medium,low,6,namesilo,,,21/09/2026 02:20
d5e59930-f076-4975-82eb-57b622e08ae8,debasement.tv,available,26.99,26.99,medium,low,10,namesilo,,,17/09/2026 10:16
d6baac04-60dc-4959-95ef-d5896335c3a2,broth.tv,available,29.98,40.98,high,low,5,namecheap,,,24/09/2026 10:49
4e04f6c6-b27e-44ca-a103-fd699fc28187,unwilling.tv,available,26.99,26.99,medium,low,9,namesilo,,,12/09/2026 22:40
0dc04ac3-497b-4ef4-8d15-f2c05393591d,mildness.tv,available,26.99,26.99,medium,low,8,namesilo,,,24/09/2026 15:30
4037fd82-b475-4968-b681-b784f4891216,diego.tv,resell,,,high,low,5,Dynadot Inc,16/06/2014 00:54,16/06/2027 00:54,26/09/2026 05:33
00e39180-d1b4-49ac-bdc3-d54ab73ec51d,shouts.tv,available,26.99,26.99,medium,low,6,namesilo,,,18/09/2026 07:00
325e07b1-fbbf-4390-95e7-9c0cb28033c4,maxilla.tv,available,29.98,40.98,medium,low,7,namecheap,,,24/08/2026 17:52
a35d2891-7bd5-459f-880f-9210bbe38567,justly.tv,available,26.99,26.99,medium,low,6,namesilo,,,15/09/2026 10:18
02e0a7ad-a0d6-418c-92c3-631b90ed14fb,batis.tv,available,26.99,26.99,medium,low,5,namesilo,,,22/09/2026 14:03
23ea8c4d-67ba-42ea-9382-77e16e90088e,multiplying.tv,available,24.98,24.98,high,low,11,spaceship,,,01/10/2026 06:06
a76a0088-c72c-4375-a13c-e6ffd9bf2c50,armament.tv,available,26.99,26.99,medium,low,8,namesilo,,,20/09/2026 06:31
83d33a18-9188-452e-a80a-8f1d19e670cd,regina.tv,resell,,,high,low,6,,,,29/09/2026 13:45
8c52b180-86bb-44e6-bf69-a513d31943da,headlights.tv,available,12.5,35.99,medium,low,10,godaddy,,,01/10/2026 00:04
086adb97-f0a5-4100-ab54-4f193bf713cd,weathered.tv,available,26.99,26.99,medium,low,9,namesilo,,,13/09/2026 09:21
e5dd14e3-4791-41e2-a4db-7e5a7558f819,omniscient.tv,available,26.99,26.99,high,low,10,namesilo,,,
f82827b8-4f30-4060-8667-abf6d47a38db,viewer.tv,resell,,,high,low,6,"Spaceship, Inc.",10/12/2020 09:01,10/12/2026 09:01,30/09/2026 03:13
0fa081de-3428-4cb6-b3fd-fa60aff1bf1f,inordinate.tv,available,26.99,26.99,medium,low,10,namesilo,,,17/08/2026 16:17
10cf5412-4652-4d25-b695-7bd9ca51fc2c,soporific.tv,available,26.99,26.99,medium,low,9,namesilo,,,21/08/2026 16:58
d28518bb-09ec-47c0-b91a-bd5e3dd2ca5c,trying.tv,available,26.99,26.99,high,low,6,namesilo,,,03/09/2026 15:44
4a493658-ef01-4b74-b231-9473e88465a1,predicted.tv,available,24.98,24.98,medium,low,9,spaceship,,,28/09/2026 23:02
25a8401f-9d2d-4297-bd45-98f229d21d33,unlovable.tv,available,26.99,26.99,medium,low,9,namesilo,,,12/09/2026 15:08
293dba72-ef9c-42ee-939f-abeab6c15d0e,trucks.tv,resell,,,medium,low,6,"eNom, LLC",01/03/2002 19:28,01/03/2027 19:28,29/09/2026 08:57
3734f95c-92cc-4438-8d61-001affd1abe1,friendly.tv,resell,,,high,low,8,Dynadot Inc,28/02/2017 12:02,28/02/2027 12:02,29/09/2026 08:43
9690ec73-61ca-4686-a07f-570a7556eb03,shi.tv,resell,,,medium,low,3,,,,30/09/2026 11:58
0da4341b-80aa-40cd-825c-1b81dc99b3d3,overgrown.tv,available,26.99,26.99,medium,low,9,namesilo,,,04/09/2026 20:42
e2fba25d-abbf-499b-b603-66cf1a12179a,armoire.tv,available,26.99,26.99,medium,low,7,namesilo,,,20/09/2026 07:20
8f857e57-3ca4-4e57-bca4-b99557743e76,bombing.tv,available,26.99,26.99,medium,low,7,namesilo,,,27/09/2026 11:45
320460ea-7267-4b98-8aae-a5a0b9b289a2,harmonised.tv,available,26.99,26.99,medium,low,10,namesilo,,,12/08/2026 22:52
2a2cbb20-49b2-473d-8206-765609362634,dendritic.tv,available,26.99,26.99,medium,low,9,namesilo,,,14/08/2026 01:48
f92682c9-bba3-4c97-83dd-3c18cdfceea6,funnily.tv,available,26.99,26.99,medium,low,7,namesilo,,,14/09/2026 20:40
a5f67ac5-ce23-4809-97cd-be00b0d38ccb,arteria.tv,available,26.99,26.99,high,low,7,namesilo,,,20/09/2026 10:30
43a26416-8cc8-4248-a533-a2864302091e,builder.tv,resell,,,high,low,7,,,,29/09/2026 05:12
47234f0c-b68c-40c8-852e-76a925d03dad,adroitly.tv,available,26.99,26.99,medium,low,8,namesilo,,,13/09/2026 17:25
f05dcf3b-2039-43a2-97a4-cc787285c186,turbid.tv,available,26.99,26.99,medium,low,6,namesilo,,,25/08/2026 01:10
05263a7e-3bd7-4936-aadf-09ef71e06cff,feelings.tv,available,24.98,24.98,high,low,8,spaceship,,,29/09/2026 19:09
8c07f9dc-ac43-4273-9799-3e5ff5a798d8,pacify.tv,available,26.99,26.99,high,low,6,namesilo,,,18/08/2026 22:00
d464e66e-6bbb-495e-b805-40a7b37dee2f,famished.tv,available,26.99,26.99,medium,low,8,namesilo,,,17/08/2026 13:41
82cd9d5b-9e45-4b95-a525-7dbd0348aa97,railroads.tv,available,26.99,26.99,medium,low,9,namesilo,,,30/09/2026 07:33
78fbbfdc-28ca-4295-bbbe-75f20e541312,effected.tv,available,26.99,26.99,medium,low,8,namesilo,,,15/08/2026 14:18
57a24c3d-e289-46cd-acd9-ebb523685b0a,chic.tv,resell,,,high,low,4,Dynadot Inc,20/06/2018 08:01,20/06/2027 08:01,26/09/2026 04:54
92602f91-311f-4df9-8cb6-23639767fe52,teased.tv,available,26.99,26.99,medium,low,6,namesilo,,,11/09/2026 09:55
7521507f-60ea-4ab4-845d-4c792d4204a8,contrasting.tv,available,26.99,26.99,medium,low,11,namesilo,,,
b26797f8-6d5b-448f-8366-0bb598c5144e,syncarpous.tv,available,26.99,26.99,medium,low,10,namesilo,,,11/09/2026 06:11
2efa7122-8de2-4047-a1bd-697e20a29e74,barebacked.tv,available,,,medium,low,10,,,,
f91eba4b-3920-42ce-91ac-6304dd4bf63b,mortars.tv,available,29.98,40.98,low,low,7,namecheap,,,21/09/2026 02:28
84bca046-b58a-4219-aaba-4a320c3c53b6,uncoiled.tv,available,26.99,26.99,medium,low,8,namesilo,,,12/09/2026 05:44
0718da28-9e8f-4d5e-8367-ee9729a9c39c,creaky.tv,available,26.99,26.99,medium,low,6,namesilo,,,06/08/2026 22:59
e3a5b576-25c6-4564-9e43-bfc89a2df4af,pelvis.tv,available,29.98,40.98,medium,low,6,namecheap,,,29/09/2026 19:56
40d7a6a2-6d8a-4295-abf4-c7cdec7792e1,pompous.tv,available,26.99,26.99,medium,low,7,namesilo,,,12/08/2026 00:37
d27048f6-9609-420c-a6c8-859554243874,motives.tv,available,26.99,26.99,medium,low,7,namesilo,,,28/09/2026 17:11
678a7f56-4684-49a5-bce2-2001389ddefe,idle.tv,resell,,,high,low,4,Dynadot Inc,10/01/2007 23:37,10/01/2027 23:37,26/09/2026 06:48
06e7f80f-d21f-4b0d-842a-d4d59c290e02,ripe.tv,resell,,,high,low,4,Dynadot Inc,14/05/2002 17:31,14/05/2027 17:31,27/09/2026 15:25
5893dd77-5c2c-47f8-845f-d76fb4481d6c,stilt.tv,available,26.99,26.99,medium,low,5,namesilo,,,21/09/2026 04:51
7debed58-e381-4cc9-8f46-09c6a7b30161,basle.tv,available,26.99,26.99,medium,low,5,namesilo,,,22/09/2026 10:14
3307ee02-f04b-4ef0-90b0-f663b5261814,pealing.tv,available,26.99,26.99,medium,low,7,namesilo,,,19/09/2026 11:12
13417d12-052b-48fc-984e-5040d3c7682a,obeisance.tv,available,26.99,26.99,high,medium,9,namesilo,,,10/08/2026 23:35
a8abfbb0-2bf5-4581-9a86-7c5182e8ec75,sacculate.tv,available,26.99,26.99,high,medium,9,namesilo,,,09/09/2026 20:37
23a4634c-2b0b-44bd-9f77-8a22eaf79a6b,appro.tv,available,26.99,26.99,medium,low,5,namesilo,,,19/09/2026 22:20
f8eeadfe-62b9-4b81-8f58-9fc56e829fda,desperately.tv,available,26.99,26.99,medium,low,11,namesilo,,,28/09/2026 07:05
ca121bd6-ce92-44ba-8c58-bd60a0230580,breadfruit.tv,available,26.99,26.99,high,low,10,namesilo,,,20/09/2026 11:57
a68fd4a6-9e22-4fb5-88e0-a4b01270e68b,lunger.tv,available,26.99,26.99,medium,low,6,namesilo,,,12/08/2026 23:06
f74a2f0e-65cf-4bba-a82c-9da3f043df77,dispensed.tv,available,26.99,26.99,medium,low,9,namesilo,,,14/08/2026 11:54
7b2d7967-a799-466c-bfd5-b78929f22039,retreated.tv,available,25,25,medium,low,9,cloudflare,,,30/09/2026 02:43
cf5ca646-daf9-4575-a306-720e0a14f93a,amblyopia.tv,available,26.99,26.99,medium,low,9,namesilo,,,18/09/2026 17:11
6300ebbc-a354-4188-bc20-b463c2d9d32a,incidents.tv,available,24.98,24.98,medium,low,9,spaceship,,,29/09/2026 05:24
977ec1db-864d-4b31-86fe-36305ebf9ef5,symmetrical.tv,available,26.99,26.99,high,low,11,namesilo,,,30/09/2026 03:46
452b35d3-77b8-4295-89f0-5398dc84a2f4,unspaced.tv,available,29.98,40.98,low,low,8,namecheap,,,12/09/2026 20:24
2d24146c-439d-427b-af0b-d7f809816d7b,kilobyte.tv,available,25,25,high,low,8,cloudflare,,,30/09/2026 01:18
adb51140-808e-41c7-bd64-1c55ca6cf76d,keyrings.tv,available,29.98,40.98,medium,low,8,namecheap,,,20/09/2026 12:08
edc36024-dbb4-49ae-a7d9-dc7556c18cf8,clawed.tv,available,26.99,26.99,medium,low,6,namesilo,,,12/08/2026 10:02
faa8dc97-e09a-4f75-9feb-fbb8e58d8ef2,acknowledged.tv,available,40.98,,high,low,12,namecheap,,,
822ced04-22c6-4878-96c5-cfa1c98204a1,contamination.tv,available,26.26,26.26,medium,low,13,porkbun,,,29/09/2026 22:52
16f7a49b-c497-4d91-ad87-44d3ce26c062,backbench.tv,available,26.99,26.99,medium,low,9,namesilo,,,21/09/2026 15:00
bb90cdd6-637a-409a-b1c0-7b7e09283850,bayesian.tv,available,26.99,26.99,medium,low,8,namesilo,,,09/08/2026 03:13
4e823058-3b2b-4cef-af4c-c1fbf728f059,remindful.tv,available,26.99,26.99,medium,low,9,namesilo,,,17/08/2026 15:18
e8022d0a-e81e-454b-a76f-1e6e302fd830,sst.tv,resell,,,high,low,3,,,,29/09/2026 21:43
c4ec6a39-d314-4d20-ab42-65f0c842381d,bathrobe.tv,available,29.98,40.98,high,low,8,namecheap,,,22/09/2026 13:50
ea92caaf-8cb2-4208-a497-3529cb6b01be,triploid.tv,available,29.98,40.98,medium,low,8,namecheap,,,11/09/2026 20:10
556ab7cb-9c07-4ecd-abfa-ba779ec6d168,lunchboxes.tv,available,26.99,26.99,medium,low,10,namesilo,,,21/09/2026 09:13
da979035-0c1c-4638-91a3-dd657e5f8874,fossilized.tv,available,26.99,26.99,medium,low,10,namesilo,,,18/08/2026 13:12
3180f83d-bd5c-4ca4-b8f7-ff3cda966fe5,asocial.tv,available,,,medium,low,7,,,,
b2da86eb-00ae-4c99-b85f-9e0726821db1,hayek.tv,available,25,25,medium,low,5,cloudflare,,,01/10/2026 02:14
98d4145a-7e92-47a3-81e4-22b887a19e04,drought.tv,available,26.99,26.99,medium,low,7,namesilo,,,29/09/2026 12:05
727dcbbe-d0bf-41e4-b785-eceafd9027d4,pompon.tv,available,29.98,40.98,medium,low,6,namecheap,,,19/09/2026 09:36
22cdf869-9130-4978-bb4f-177e624362c6,soccer.tv,resell,,,high,low,6,"eNom, LLC",21/02/2001 08:00,21/02/2027 08:00,28/09/2026 22:49
5e64d517-250f-486d-ae06-c9311b1dc0a0,spiral.tv,resell,,,high,low,6,Dynadot Inc,15/02/2021 19:56,15/02/2027 19:56,26/09/2026 09:13
881ea91f-800d-4262-be8d-f8fb80745788,glibly.tv,available,29.98,40.98,medium,low,6,namecheap,,,14/09/2026 21:34
8d6aa46f-6381-462f-907a-495c15821746,annelidan.tv,available,26.99,26.99,medium,low,9,namesilo,,,
d123cbaa-7a1f-47ab-8706-0b46bedce4da,stoically.tv,available,26.99,26.99,medium,low,9,namesilo,,,16/09/2026 07:14
b94a2b5c-61d7-41ec-9a45-391dd93df4de,journal.tv,resell,,,high,low,7,"Name.com, Inc.",11/04/2010 02:53,11/04/2027 02:53,26/09/2026 07:01
2eb5aa63-b686-4f10-ba13-dc4f61a893c4,decrepit.tv,available,26.99,26.99,medium,low,8,namesilo,,,13/08/2026 05:40
25f9bcb1-242d-4291-897c-d188cc1a2403,cincinnati.tv,resell,,,high,low,10,"Global Domains International, Inc. DBA DomainCostClub.com",17/12/2021 18:33,17/12/2026 18:33,29/09/2026 09:12
306f9fd1-8223-40bf-a12f-fbd861982583,lousy.tv,available,26.99,26.99,medium,low,5,namesilo,,,24/09/2026 01:33
cd192196-3b8f-487b-80a1-bcbf1a9ae4be,disrepair.tv,available,26.99,26.99,medium,low,9,namesilo,,,24/09/2026 23:02
ce46e2e0-82a2-4bea-bc6f-5c71882b0d80,helmets.tv,available,24.98,24.98,medium,low,7,spaceship,,,30/09/2026 00:28
be949510-51d2-404e-a66b-f089667d15a5,commuter.tv,resell,,,high,low,8,"GoDaddy.com, LLC",02/08/2001 20:19,02/08/2027 20:19,26/09/2026 05:09
7438dfa3-f6bc-44f0-8527-8611b1630a89,thalassic.tv,available,26.99,26.99,low,low,9,namesilo,,,11/09/2026 12:22
2e67f1fe-2679-4c61-a80c-b18094a5882b,lucky.tv,resell,,,high,medium,5,Dynadot Inc,19/03/2010 05:34,19/03/2029 05:34,26/09/2026 07:20
a7cffb5c-3f18-428e-bd02-bc91b03cc9d1,erstwhile.tv,available,26.99,26.99,medium,low,9,namesilo,,,17/08/2026 13:05
fe474835-4868-400b-9cbf-14f6695ffb49,hemal.tv,available,29.98,40.98,medium,low,5,namecheap,,,20/08/2026 21:41
0dc33e46-6306-468d-9405-8d2ae1979d78,subhuman.tv,available,26.99,26.99,medium,low,8,namesilo,,,10/09/2026 23:56
156e06f7-1473-4b10-a05d-f91e7459a35e,colosseum.tv,resell,,,high,low,9,Dynadot Inc,06/05/2022 05:47,06/05/2027 05:47,26/09/2026 05:07
0df65493-ecf0-4a01-a9d9-21a345010412,cresson.tv,available,26.99,26.99,medium,low,7,namesilo,,,13/08/2026 06:16
61ebd841-2e16-496c-942a-e8a184e2867b,mithraic.tv,available,26.99,26.99,medium,low,8,namesilo,,,25/08/2026 01:58
b38309d2-a9f6-4497-9210-8118731aada9,categorial.tv,available,29.98,40.98,medium,low,10,namecheap,,,11/08/2026 21:27
cdc00b62-a547-4c2e-9f3f-17aea76277a8,volunteered.tv,available,24.98,24.98,medium,low,11,spaceship,,,28/09/2026 09:06
ae492530-3553-4f8f-a565-88eba2fcc1bb,ruminant.tv,available,29.98,40.98,high,medium,8,namecheap,,,09/09/2026 19:22
1fd009e4-fce4-49c7-987d-71b865f9aaff,asimov.tv,available,26.99,26.99,high,low,6,namesilo,,,20/09/2026 14:15
70605830-d181-4e38-b409-8aea126bcdc9,puerile.tv,available,26.99,26.99,medium,low,7,namesilo,,,09/09/2026 05:30
b4dff341-5381-4bb2-89f3-25ad1601b909,whiten.tv,available,26.26,26.26,medium,low,6,porkbun,,,28/09/2026 10:28
92bc7e65-92b9-4128-ad83-c16af33b1602,urbanized.tv,available,26.99,26.99,medium,low,9,namesilo,,,12/09/2026 23:29
7e50aa23-f318-4212-8df6-7006e7c5c8c9,alexa.tv,resell,,,high,high,5,,,,30/09/2026 14:40
673d193b-36d5-44c3-abc9-57e66280ce47,fickle.tv,available,26.99,26.99,medium,low,6,namesilo,,,17/08/2026 12:48
4af6057c-153e-4e5d-9061-57792da63800,ephemeron.tv,available,26.99,26.99,medium,low,9,namesilo,,,17/08/2026 10:22
254409c7-5778-46af-aff4-9d8eb6cc3109,home.tv,resell,,,high,medium,4,InternetX GmbH,01/05/2000 07:00,09/04/2027 03:59,26/09/2026 06:42
5e6a6797-021f-42fd-aa28-6138c98a944d,onager.tv,available,26.99,26.99,medium,low,6,namesilo,,,20/09/2026 00:38
a7ad888b-325e-4e64-9abb-f0f4808aeee5,destroys.tv,available,26.25,26.25,low,low,8,dynadot,,,29/09/2026 05:36
0dd706fc-cfe9-4336-9e4e-90bdb7eff39d,disheveled.tv,available,26.99,26.99,medium,low,10,namesilo,,,14/08/2026 10:56
49d51597-f1f0-4a3f-aa6e-1c309cd4f469,alfalfa.tv,available,26.99,26.99,high,low,7,namesilo,,,18/09/2026 06:07
2ba61ca6-561f-4d53-b9a0-6e94790be57d,answerable.tv,available,29.98,40.98,high,low,10,namecheap,,,22/09/2026 05:32
386d6516-d4a2-49ac-8162-2542d544802f,sneezy.tv,available,26.99,26.99,high,medium,6,namesilo,,,10/09/2026 12:34
8c7772d3-4a19-4e2c-a269-d2c7218386b8,selflessly.tv,available,29.98,40.98,medium,low,10,namecheap,,,13/09/2026 19:23
53609c8d-36dd-424b-b27f-0d122e50b23e,clustered.tv,available,26.99,26.99,medium,low,9,namesilo,,,
a5200dab-5feb-4b23-8643-763e9e8e595c,acquiesce.tv,available,26.99,26.99,medium,low,9,namesilo,,,20/09/2026 16:11
13fb4a70-ee59-4eaf-8bcf-20554b132d97,nipponese.tv,available,26.99,26.99,high,low,9,namesilo,,,22/08/2026 12:24
6ee2fe98-9f3a-4ce3-9052-d14fd7a52a9b,unable.tv,available,26.99,26.99,high,low,6,namesilo,,,11/09/2026 23:26
c8e17445-85b1-4e62-9494-0ef506b518b4,caius.tv,available,24.98,24.98,medium,low,5,spaceship,,,30/09/2026 20:06
91da5fbc-33fc-400e-8ab4-ea27276d412b,eastman.tv,available,26.99,26.99,high,medium,7,namesilo,,,30/09/2026 09:28
01a89f93-f7ce-4fab-b854-d0bf1abe1a67,sacking.tv,available,29.98,40.98,medium,low,7,namecheap,,,21/09/2026 18:04
8ca330cb-6d4f-4c23-be89-2e4e77bc2c25,allometric.tv,available,26.99,26.99,medium,low,10,namesilo,,,
ddf5e344-2668-4a94-b83c-8b4ee82d9f4d,pancreas.tv,available,25,25,high,low,8,cloudflare,,,30/09/2026 06:22
9391e739-0559-4890-8c13-63612d70ff00,during.tv,available,26.25,26.25,medium,low,6,dynadot,,,01/10/2026 01:36
38c3550a-9cf5-4946-8462-9f3ed2cdc694,uninviting.tv,available,26.99,26.99,medium,low,10,namesilo,,,12/09/2026 13:39
bcb2efcc-9c3a-48dd-9615-58b36349204a,acceptably.tv,available,26.99,26.99,high,medium,10,namesilo,,,10/09/2026 12:55
eec0870f-3790-48dc-acca-173fb4e35a75,sorts.tv,available,26.99,26.99,medium,low,5,namesilo,,,27/09/2026 10:13
65d4e12d-9c47-46af-8a10-f0b5a7170b62,obscene.tv,available,,,medium,low,7,,,,
67c31aee-fd61-4776-a812-be0b559c3fe0,tacitus.tv,available,26.99,26.99,high,low,7,namesilo,,,29/09/2026 07:01
8b08492c-8401-4ce1-9f3e-185ceb1d395e,batholith.tv,available,26.99,26.99,medium,low,9,namesilo,,,22/09/2026 13:43
e86d5d7f-7e1b-4c12-8c9e-18850e635703,angled.tv,available,,,medium,low,6,,,,
508ee347-6197-40df-8275-241a1885a526,cider.tv,resell,,,high,low,5,,,,29/09/2026 06:22
580f70c6-4dc4-414b-8220-492b18669bf5,washup.tv,available,26.99,26.99,medium,low,6,namesilo,,,24/09/2026 22:42
15e07673-1048-47b4-969d-7eb46e044a57,plowed.tv,available,29.98,40.98,medium,low,6,namecheap,,,08/09/2026 21:24
a69d4634-5def-409e-b5df-28bdb4b4dbba,saprobic.tv,available,29.98,40.98,high,medium,8,namecheap,,,09/09/2026 21:24
60595ff0-2d4c-4daa-91fd-25877c6aad8a,promise.tv,resell,,,high,low,7,,,,30/09/2026 07:33
0206d0ed-9641-49f1-8c46-7cec3fc9cece,bantam.tv,available,26.99,26.99,medium,low,6,namesilo,,,08/08/2026 14:01
f98b68da-8823-4de1-990b-5674e8cb447a,reasons.tv,available,29.98,40.98,medium,low,7,namecheap,,,25/09/2026 20:13
175d9f84-940f-4099-af7b-1f2f40001aaf,hittite.tv,available,26.99,26.99,medium,low,7,namesilo,,,21/08/2026 10:00
b43a97b3-14b9-4eb3-8ada-99411cc821c7,soundbar.tv,available,,,high,low,8,,,,
01b8cd6a-29a7-43af-a631-c4d6fd3531a7,plastered.tv,available,26.99,26.99,medium,low,9,namesilo,,,09/08/2026 15:43
b58f4a1e-4d1a-46a8-ab94-589f529d5f1c,clogged.tv,available,26.99,26.99,medium,low,7,namesilo,,,12/08/2026 06:41
a72ca803-e393-4789-9491-2d28c37db7d1,antibiotics.tv,available,25,25,low,low,11,cloudflare,,,28/09/2026 13:28
59c60815-6fe4-4e1b-90ec-4d7a72081f23,bliss.tv,resell,,,high,medium,5,Dynadot Inc,16/08/2010 15:45,16/08/2027 15:45,26/09/2026 04:29
ad27a2a9-10bb-4ba3-873d-80b2d6048e99,cards.tv,resell,,,high,low,5,Dynadot Inc,18/03/2010 13:57,18/03/2027 13:57,26/09/2026 04:46
1b36c960-b76b-4050-8901-e3452bc3a422,handily.tv,available,26.99,26.99,medium,low,7,namesilo,,,14/09/2026 08:35
2afa16d6-433d-4091-8591-3e5e01ec6388,olmsted.tv,available,24.98,24.98,medium,low,7,spaceship,,,28/09/2026 19:15
2a9f7f73-44cc-4119-8f5a-8e94caf4c93c,pawn.tv,resell,,,high,low,4,,,,28/09/2026 18:36
59f9eb9a-6f2b-44a2-9cc1-0e010a5fefe5,unfounded.tv,available,26.99,26.99,medium,low,9,namesilo,,,08/08/2026 21:57
d9de0378-3d39-4a9b-9716-b2469e18608d,unbeaten.tv,available,26.99,26.99,medium,low,8,namesilo,,,12/09/2026 01:45
b774255d-aa36-43d1-9fb3-ddd8bfb6bb33,uncomplicated.tv,available,26.99,26.99,high,low,13,namesilo,,,
f1470470-7aef-41e9-a44e-3fbb764cec6b,comte.tv,available,29.98,40.98,medium,low,5,namecheap,,,21/09/2026 03:56
461a0dab-5422-4c08-a017-36ffaadbbfd7,hominal.tv,available,26.99,26.99,low,low,7,namesilo,,,21/08/2026 11:35
7db57bee-146e-4389-921e-d89059a2a044,philosophical.tv,available,26.26,26.26,high,low,13,porkbun,,,29/09/2026 08:37
44931a2d-4000-40a0-8f56-87ffefea957a,containers.tv,available,26.99,26.99,medium,low,10,namesilo,,,19/09/2026 01:32
7e21a0e7-acc1-487b-9c47-8ca1d8798664,kilo.tv,resell,,,high,low,4,"GoDaddy.com, LLC",04/02/2020 05:12,04/02/2027 05:12,30/09/2026 01:16
82b248ae-b13f-4d69-895e-140d3171a1f0,groups.tv,resell,,,medium,low,6,"Wild West Domains, Inc.",23/03/2004 02:32,23/03/2027 01:32,26/09/2026 06:30
7b501547-3a9c-47da-b592-c439562d62aa,extempore.tv,available,29.98,40.98,medium,low,9,namecheap,,,
aad2a8e3-d188-4131-9833-a1d8dc87df32,madly.tv,available,26.99,26.99,medium,low,5,namesilo,,,14/09/2026 09:19
11bc933e-3736-47be-8f88-d6ff94cd9200,impeccable.tv,available,26.99,26.99,high,low,10,namesilo,,,18/08/2026 00:09
3f584d43-54dc-4123-a973-e93f67a3a586,pba.tv,resell,,,high,low,3,,,,29/09/2026 14:26
5166ba69-65d3-4450-8328-293c4396bcc5,accident.tv,resell,,,medium,low,8,Dynadot Inc,05/04/2010 12:04,05/04/2027 12:04,28/09/2026 17:24
c6638587-05c7-45ff-b720-de8f0bbd81b7,steadying.tv,available,29.98,40.98,medium,low,9,namecheap,,,10/09/2026 19:39
54fd7e3c-1016-48fc-8b87-5346d9098484,polytonal.tv,available,26.99,26.99,medium,low,9,namesilo,,,08/09/2026 23:33
fd233fa9-bb21-4588-b06e-472ffb212df0,segmented.tv,available,26.99,26.99,medium,low,9,namesilo,,,24/08/2026 21:43
fdf95e38-fd1a-4835-8d3e-b65edf332695,immorality.tv,available,26.99,26.99,medium,low,10,namesilo,,,17/08/2026 15:04
ca7efb5b-5a5e-4f8e-bb78-5d90a7948688,agnosia.tv,available,26.99,26.99,medium,low,7,namesilo,,,17/09/2026 18:46
7daebe6e-90fe-41a1-a9e6-1dab23ab47df,milliliter.tv,available,26.99,26.99,medium,low,10,namesilo,,,11/08/2026 22:53
eca9d321-0301-485a-8236-4e01df5a24a4,verifiable.tv,available,26.99,26.99,high,low,10,namesilo,,,12/08/2026 20:51
e76cac57-8733-4fea-96b7-e29b74658a6e,mistrust.tv,available,26.99,26.99,high,low,8,namesilo,,,24/09/2026 23:12
fe3afad8-163d-46bf-bba0-c80db0c751ea,rebellious.tv,available,26.99,26.99,medium,low,10,namesilo,,,14/08/2026 09:25
544b1b4f-b64f-4b12-803b-5d483337059a,papal.tv,available,26.99,26.99,medium,low,5,namesilo,,,06/08/2026 04:09
504241b3-fc2b-415f-a587-d4b83d13e695,expressed.tv,available,29.98,40.98,high,low,9,namecheap,,,17/08/2026 18:26
7fdd1e25-e8d2-4cf9-93ed-e42b9fb76118,avoiding.tv,available,24.98,24.98,high,low,8,spaceship,,,28/09/2026 03:32
109d585f-c452-4be0-98a1-b0d45f8f44a3,disparity.tv,available,26.25,26.25,medium,low,9,dynadot,,,29/09/2026 16:06
cc8002f8-7fcd-4a91-80cf-0d567caa49cb,batna.tv,available,29.98,40.98,medium,low,5,namecheap,,,22/09/2026 14:06
cf397240-578a-4616-9a3c-fed53bb73454,hunchback.tv,available,26.99,26.99,medium,low,9,namesilo,,,13/08/2026 07:49
b0c8e24f-b48c-492e-b344-8db499918696,smiled.tv,available,26.99,26.99,medium,low,6,namesilo,,,18/09/2026 01:26
7aee4b53-03b6-4852-b858-77b51c0c682e,governance.tv,resell,,,high,low,10,"GoDaddy.com, LLC",01/11/2015 03:34,01/11/2027 03:34,26/09/2026 06:27
77621a17-2f8c-4ec3-a50f-c070dfe0c4cc,amalgamate.tv,available,26.99,26.99,high,low,10,namesilo,,,22/09/2026 03:01
912646b0-accf-471d-bc04-1f944acb698f,randoms.tv,available,26.99,26.99,low,low,7,namesilo,,,19/09/2026 22:13
21b653ee-a093-4837-8031-60b6b7e5053e,there.tv,resell,,,high,low,5,1API GmbH,19/05/2014 08:04,19/05/2027 08:04,28/09/2026 12:57
1ad52688-997b-406d-b12a-a566b94027c2,monaural.tv,available,26.99,26.99,medium,low,8,namesilo,,,25/08/2026 04:20
8fcce72e-2dc2-4ae7-9644-eec3095c36ef,turnpike.tv,available,25,25,high,low,8,cloudflare,,,30/09/2026 18:58
0110bcb0-d000-4135-ad14-322151ee2176,imbalance.tv,available,26.99,26.99,medium,low,9,namesilo,,,20/09/2026 18:40
8ac926c1-e6fd-4aa4-b010-f165b24c4fb8,finishes.tv,available,26.25,26.25,medium,low,8,dynadot,,,28/09/2026 18:11
4f480730-5565-478d-a06a-0b57fc9e509a,abides.tv,available,26.99,26.99,medium,low,6,namesilo,,,18/09/2026 17:00
a86320a8-481b-4c36-9d9b-2e0798bec6b8,belarusian.tv,available,26.99,26.99,medium,low,10,namesilo,,,09/08/2026 12:32
6eb38158-f55f-4b38-8df4-dc5161d2b4f4,generating.tv,available,26.99,26.99,medium,low,10,namesilo,,,
a411da74-7c02-41e5-a50c-c8ed0bfec99c,bilirubin.tv,available,29.98,40.98,medium,low,9,namecheap,,,23/09/2026 15:56
2c0509db-507d-463d-9dfd-0f8f0a559ff1,outlets.tv,available,26.99,26.99,medium,low,7,namesilo,,,21/09/2026 06:33
f821ba41-07e9-4f59-b5a5-a68595ab32b8,antemortem.tv,available,26.99,26.99,medium,low,10,namesilo,,,
4d70d104-7982-436c-b8e2-05afeab88b20,beetle.tv,available,,,high,low,6,,,,
cdffa90d-3747-4ddf-b1e8-3b7b4218eaa9,alpaca.tv,resell,,,high,low,6,Dynadot Inc,05/12/2019 10:06,05/12/2026 10:06,26/09/2026 03:48
af958115-6d9a-4bb9-83d9-6a9cbcff8529,bessel.tv,available,26.99,26.99,medium,low,6,namesilo,,,23/09/2026 10:26
1b12e0f5-0ec6-4b4b-927f-c090019cc89f,batting.tv,available,26.99,26.99,high,low,7,namesilo,,,22/09/2026 14:25
bc27da71-32ec-4937-89f9-b7407bcf38e7,abkhazian.tv,available,26.99,26.99,medium,low,9,namesilo,,,
0af93126-6814-4756-9424-b2f075bcc8c7,exquisite.tv,resell,,,high,low,9,"Global Domains International, Inc. DBA DomainCostClub.com",13/04/2011 08:02,13/04/2027 08:02,26/09/2026 05:58
74487309-22bd-464e-bdc5-cceefa5ccec2,fitting.tv,available,26.99,26.99,high,low,7,namesilo,,,18/08/2026 05:50
07a5d5b6-c89d-4331-a81a-705bab007d8b,gujarat.tv,resell,,,medium,low,7,,,,28/09/2026 19:24
de056a5e-51e3-4e12-99d9-a47a59e62c35,drinking.tv,resell,,,high,low,8,,,,29/09/2026 03:42
12da3c43-1929-4682-9651-7a88447d5d6b,stopping.tv,available,24.98,24.98,high,low,8,spaceship,,,30/09/2026 12:09
5267a2d1-9c73-4a2e-80b9-fe32cd440ea1,anatidae.tv,available,26.99,26.99,medium,low,8,namesilo,,,19/09/2026 03:26
f4a6945d-8cb6-48d9-9f9c-e08e629503a1,westwood.tv,available,,,high,low,8,,,,
d26086e0-4aab-4d9d-aa1f-8238c28dd070,foam.tv,resell,,,high,low,4,,,,28/09/2026 05:46
670f6a14-0edf-49b0-916a-5d28fc8992eb,monstrous.tv,available,26.99,26.99,medium,low,9,namesilo,,,07/08/2026 14:47
1983a4fc-9607-4355-87de-68b199e83fb6,landward.tv,available,26.99,26.99,medium,low,8,namesilo,,,15/09/2026 10:39
dd34f1ac-03b8-4841-b431-ed833bddfb7d,dialog.tv,resell,,,high,low,6,Dynadot Inc,19/03/2010 11:24,19/03/2027 11:24,26/09/2026 05:32
8784fa82-c562-4e08-83cc-d8bc36acdf50,strep.tv,available,26.99,26.99,medium,low,5,namesilo,,,10/09/2026 22:28
49ef3186-2f2c-4818-873e-edab6b57cc06,argive.tv,available,26.99,26.99,medium,low,6,namesilo,,,06/08/2026 18:27
ae3813be-1368-42d1-aa49-b2247fb1436b,joshua.tv,resell,,,high,low,6,Dynadot Inc,10/02/2011 15:22,10/02/2027 15:22,26/09/2026 07:01
4e383f37-4594-40a9-8277-541ddcd6f778,batwing.tv,available,26.99,26.99,medium,low,7,namesilo,,,09/08/2026 01:49
e2dd80ef-1da7-4723-9e98-d67cd4d2e562,washing.tv,available,26.99,26.99,high,low,7,namesilo,,,30/09/2026 02:11
924faaaa-9bdd-42c1-a637-ab60babd0f56,inculpable.tv,available,26.99,26.99,medium,low,10,namesilo,,,10/08/2026 12:55
a885fcaa-53d8-464f-aca6-f203b1babc13,hexed.tv,available,26.99,26.99,medium,low,5,namesilo,,,21/08/2026 07:51
9e757bf6-dfae-4157-8e5e-be64dca697cc,terrified.tv,available,26.99,26.99,medium,low,9,namesilo,,,27/09/2026 02:38
f3320258-aa3a-4070-8b76-54fa58c42ec5,amsonia.tv,available,26.99,26.99,medium,low,7,namesilo,,,19/09/2026 00:00
8a49335c-bc33-45e7-b5e5-445094f64eb4,resumed.tv,available,26.99,26.99,medium,low,7,namesilo,,,18/09/2026 02:30
60891fc8-81f3-4774-903c-81693d28c587,nakedly.tv,available,26.99,26.99,low,low,7,namesilo,,,15/09/2026 16:02
6f36e1bd-63f6-4613-82c6-239eb4dc649a,swarthmore.tv,available,25,25,medium,low,10,cloudflare,,,30/09/2026 04:33
b857570c-41fd-47ad-8ab8-d814165e7388,berserker.tv,available,26.99,26.99,medium,low,9,namesilo,,,09/08/2026 15:17
9a25da1c-0e86-4f33-87d6-0bd18c363996,blackbuck.tv,available,26.99,26.99,medium,low,9,namesilo,,,19/09/2026 14:39
51f60f80-ba90-4f6e-8f84-8c4c3490934f,amply.tv,available,26.99,26.99,medium,low,5,namesilo,,,13/09/2026 19:37
2ab2b290-c379-4606-9068-9894bd077552,seamy.tv,available,26.99,26.99,medium,low,5,namesilo,,,10/09/2026 00:49
e0685f6b-4e4c-4a78-b651-69c000c26dc8,sniffy.tv,available,26.99,26.99,medium,low,6,namesilo,,,21/08/2026 01:27
a6facea8-bf45-418f-9d49-becd6d5e5287,doolittle.tv,available,25,25,medium,low,9,cloudflare,,,29/09/2026 00:40
0f4764f0-a517-45f3-9c28-203a8c316811,bicker.tv,available,26.99,26.99,medium,low,6,namesilo,,,23/09/2026 13:12
79277f08-5a28-4ed7-a802-c86bf1eb9acb,fortunate.tv,available,26.99,26.99,high,low,9,namesilo,,,18/08/2026 12:47
4e33008d-b1a5-4bb2-82ff-0acbd7bbf75d,twelfth.tv,available,26.99,26.99,high,low,7,namesilo,,,
5a41b37a-1b15-410e-9829-aa735c57fc2c,adenovirus.tv,available,26.99,26.99,medium,low,10,namesilo,,,17/09/2026 07:41
8e9431a5-cebc-4ec8-979a-910d74704a6f,urge.tv,resell,,,high,low,4,"Spaceship, Inc.",22/12/2004 23:29,22/12/2026 23:29,28/09/2026 19:09
7d62a768-5772-4e7c-a45c-444448554683,basinet.tv,available,26.99,26.99,medium,low,7,namesilo,,,22/09/2026 10:57
1f403a54-cc34-47cc-b2b8-81bda3bff9e6,restructure.tv,available,26.99,26.99,high,low,11,namesilo,,,
c11c2e0e-cc9a-43c3-bf2a-d02a712e697c,latticed.tv,available,26.99,26.99,medium,low,8,namesilo,,,22/08/2026 08:06
ac3a8d07-b92f-46c9-a510-39bf29170ffd,afrikaans.tv,available,,,medium,low,9,,,,
fabfd8d9-9afb-455f-8803-284da1ae9e52,shore.tv,resell,,,high,low,5,"GoDaddy.com, LLC",07/12/2010 02:45,07/12/2026 02:45,26/09/2026 09:00
a2df70df-68f1-4cc4-aae9-07b904dde7ca,frenetic.tv,available,26.99,26.99,medium,low,8,namesilo,,,18/08/2026 14:17
7c7d9420-9edf-4cc7-bd42-384917be7f28,billboard.tv,resell,,,high,low,9,,,,29/09/2026 02:43
fdf9bbb8-43e2-4caf-aaaf-e0bd25527f16,available.tv,resell,,,high,low,9,"GoDaddy.com, LLC",19/03/2010 21:05,19/03/2027 21:05,26/09/2026 04:10
880f1e6f-a2a4-45a6-9219-529452eb0a48,expressly.tv,available,26.99,26.99,medium,low,9,namesilo,,,14/09/2026 17:09
f0dcd1ec-2362-470b-9edd-2d302c7d5d84,outspread.tv,available,26.99,26.99,high,low,9,namesilo,,,04/09/2026 19:47
b57e81d9-d12a-4da3-9483-13a97e866d05,hurried.tv,available,26.99,26.99,medium,low,7,namesilo,,,21/08/2026 15:45
dee2d5b2-bcbd-424e-84a7-08875d842144,starring.tv,resell,,,medium,low,8,"Name.com, Inc.",15/04/2010 23:31,15/04/2027 23:31,28/09/2026 22:41
eafb9142-c313-420c-a4c1-b95890e79e8e,briss.tv,available,26.99,26.99,medium,low,5,namesilo,,,23/09/2026 09:30
89a481a3-a61f-4e61-af35-44b8f4250913,yellowcake.tv,available,26.99,26.99,medium,low,11,namesilo,,,
4f794aac-2ac8-403c-a0cc-cd894128aa63,aotus.tv,available,26.99,26.99,medium,low,5,namesilo,,,19/09/2026 16:05
8a9928d0-f72d-4cac-9516-1df4aec115a2,speechless.tv,available,26.99,26.99,medium,low,10,namesilo,,,19/09/2026 16:52
a3f0d081-f02a-493a-813a-72e2785ded72,aristotle.tv,resell,,,high,low,9,"Global Domains International, Inc. DBA DomainCostClub.com",05/05/2008 02:28,05/05/2027 02:28,26/09/2026 04:00
6777b47c-55a4-45ed-b1b6-d5d851db0d6d,incompetence.tv,available,24.98,24.98,medium,low,12,spaceship,,,30/09/2026 14:30
cfac1009-c128-4859-bc5b-84c2ded19f50,inflammatory.tv,available,26.26,26.26,medium,low,12,porkbun,,,29/09/2026 21:18
8d82b6c3-ba6f-49c0-bdce-75d6b7585f79,untroubled.tv,available,26.99,26.99,medium,low,10,namesilo,,,10/09/2026 01:30
d6b73372-4d01-4dcc-bd11-f7508dc13324,apophasis.tv,available,29.98,40.98,medium,low,9,namecheap,,,19/09/2026 19:01
c2e31941-3f24-4c4d-b9d6-36de4a1d156b,yorke.tv,available,24.98,24.98,medium,low,5,spaceship,,,29/09/2026 16:43
714bb909-9907-41d7-960c-12585fd5b480,keyboard.tv,resell,,,high,low,8,,,,28/09/2026 19:38
e737dd12-0459-4d52-8fab-75328a33dae0,mouths.tv,available,26.99,26.99,medium,low,6,namesilo,,,18/09/2026 08:01
e2575c2e-6aa9-41f5-bbfd-c8d3e30c01bd,threaded.tv,available,26.99,26.99,high,low,8,namesilo,,,11/09/2026 14:12
88ecb289-adab-476d-b315-34cb32d3ad68,boggy.tv,available,26.99,26.99,medium,low,5,namesilo,,,10/08/2026 17:01
c6a19af4-6f11-4402-9369-af921ceeca89,partial.tv,available,26.99,26.99,high,low,7,namesilo,,,08/09/2026 02:01
7bfcc1cb-0afc-4fd4-8689-ce600127b151,nonfinite.tv,available,29.98,40.98,medium,low,10,namecheap,,,03/09/2026 18:26
fec85788-8d75-4fb1-a9db-9f8153cbae86,quoted.tv,available,26.26,26.26,medium,low,6,porkbun,,,29/09/2026 23:28
acaeb90b-e2f4-4e33-b132-0b5a8b22aa14,amoeboid.tv,available,26.99,26.99,medium,low,8,namesilo,,,
9ce8952f-f8ed-453f-ab57-e2e06eea9f83,melissa.tv,resell,,,high,low,7,,,,27/09/2026 04:11
1a6a9337-f93b-41bf-ba18-b42903080c3a,asystole.tv,available,29.98,40.98,medium,low,8,namecheap,,,20/09/2026 18:57
f2900746-4112-48f6-9012-133955d3c337,coarse.tv,available,26.99,26.99,medium,low,6,namesilo,,,12/08/2026 13:56
67a5914d-5291-42d7-8b1c-2483cffd86f1,amanita.tv,available,26.99,26.99,medium,low,7,namesilo,,,18/09/2026 15:43
b7889b44-8345-4ace-941d-3636f0a75f2c,jument.tv,available,29.98,40.98,medium,low,6,namecheap,,,22/09/2026 21:27
d2fa00b4-a156-478d-9046-618414bb3eac,statutory.tv,available,29.98,40.98,medium,low,9,namecheap,,,10/09/2026 19:20
9f5cf8eb-e9d3-4c86-ae51-d1589993def1,transmitted.tv,available,26.99,26.99,high,low,11,namesilo,,,16/09/2026 07:54
7d9f8f39-601e-4e89-a034-ac388b3d23e1,doubly.tv,available,26.99,26.99,medium,low,6,namesilo,,,14/09/2026 13:48
820e7fac-fe29-4688-9636-e89a2f673b91,dispersion.tv,available,26.99,26.99,high,low,10,namesilo,,,24/09/2026 22:57
28589543-a096-411c-82b8-760ac6d84b4a,cooking.tv,resell,,,high,low,7,"Name.com, Inc.",17/03/2015 08:08,17/03/2027 08:08,28/09/2026 06:07
8993daff-cb5a-4a17-9265-48ade3c5958a,monroe.tv,resell,,,high,low,6,,,,28/09/2026 02:11
23e6128f-1b8a-4b88-a54b-df19be81db4b,unkind.tv,available,26.99,26.99,medium,low,6,namesilo,,,12/09/2026 14:11
656a74b8-907a-41d9-ad4d-2c896dd0725f,housebound.tv,available,26.99,26.99,medium,low,10,namesilo,,,21/08/2026 10:56
1dc52bab-1ebd-47ae-a97f-5696ddb64633,incision.tv,available,26.99,26.99,high,low,8,namesilo,,,30/09/2026 01:58
d099c0d0-c67e-43c1-92b1-53defd8a0b73,bison.tv,resell,,,high,low,5,1API GmbH,07/06/2001 22:43,07/06/2027 22:43,26/09/2026 04:27
93bd7ee8-b34f-4725-9a54-f69c83ea57a0,wesleyan.tv,available,26.99,26.99,medium,low,8,namesilo,,,24/08/2026 22:00
d27190c8-8d9e-47eb-bb42-f5cf86a72aa8,novelty.tv,resell,,,medium,low,7,,,,29/09/2026 02:33
05e02ccc-4cb5-4e9d-9cc7-c2af12945c4e,villiers.tv,available,24.98,24.98,medium,low,8,spaceship,,,29/09/2026 09:13
d27b4352-7886-4b04-b465-5de7080808e8,nfl.tv,resell,,,high,low,3,Dynadot Inc,05/06/2010 02:16,05/06/2027 02:16,26/09/2026 07:46
453d35fb-78cf-4ba7-a108-9adcf66c5c53,hypnotised.tv,available,26.99,26.99,medium,low,10,namesilo,,,17/08/2026 22:48
90c9c85f-de7e-4bfb-b583-5049abb7d6f1,misused.tv,available,26.99,26.99,medium,low,7,namesilo,,,25/08/2026 01:56
79847304-c9fe-48eb-bdf6-9fe6ce713060,hysterical.tv,resell,,,medium,low,10,"Name.net, Inc.",27/04/2010 08:00,27/04/2027 08:00,26/09/2026 06:47
165bc47d-32d3-4a05-82db-79ea163c9403,faux.tv,resell,,,medium,low,4,1API GmbH,05/09/2010 08:00,05/09/2027 08:00,26/09/2026 06:02
c274ca63-404c-4c62-9a0d-25b57210de84,organizations.tv,available,26.99,26.99,medium,low,13,namesilo,,,
dc723c8c-4b2b-4482-9356-8184a97ab94c,grizzled.tv,available,29.98,40.98,medium,low,8,namecheap,,,20/08/2026 20:11
bc02d24d-d63c-4374-9d12-973adff518a4,hungarian.tv,resell,,,high,low,9,"Alibaba Cloud Computing (Beijing) Co., Ltd.",23/01/2006 10:08,23/01/2027 10:08,26/09/2026 06:46
b5b226d5-9921-4567-8dab-3d2304c5e518,ambrosial.tv,available,26.99,26.99,medium,low,9,namesilo,,,
ffb97f37-1d8b-442b-b2d6-c30230f5ff91,infrasonic.tv,available,26.99,26.99,medium,low,10,namesilo,,,22/08/2026 04:48
985be390-ce18-4835-aa44-03b21a194c11,ponders.tv,available,26.99,26.99,medium,low,7,namesilo,,,18/09/2026 02:06
26dcd38e-3ae0-4762-a8a1-e09413218476,tao.tv,resell,,,high,low,3,Dynadot Inc,10/12/2011 12:29,10/12/2027 12:29,26/09/2026 09:30
6b73d94f-7171-439d-bad7-0942b90fdff1,loveable.tv,available,26.99,26.99,high,low,8,namesilo,,,24/08/2026 10:07
f617571d-fa36-4c77-8af0-6bf4311643a1,signal.tv,resell,,,high,medium,6,"eNom, LLC",01/06/2000 07:00,01/06/2027 07:00,27/09/2026 22:11
e96f879b-7f1e-4616-9daf-c857b09d2fca,normally.tv,available,26.99,26.99,medium,low,8,namesilo,,,28/09/2026 14:10
678c7f10-67c6-4744-85d3-773960229e41,desperate.tv,available,26.99,26.99,medium,low,9,namesilo,,,14/08/2026 03:58
0b136982-ce65-4c75-bafb-c0fea12321c3,tubing.tv,available,24.98,24.98,high,low,6,spaceship,,,01/10/2026 04:04
ea9fe13b-c9bd-4eff-8560-a211bfdec720,pigeons.tv,available,29.98,40.98,medium,low,7,namecheap,,,20/09/2026 07:08
dbb5557c-6d3f-40cf-a7ae-82b898d4c8cb,anytime.tv,resell,,,high,low,7,Dynadot Inc,01/09/2006 13:59,01/09/2027 13:59,01/10/2026 04:34
8fa0cacb-39b8-4258-8d9d-fe1bfae9f3ff,browned.tv,available,26.99,26.99,medium,low,7,namesilo,,,11/08/2026 06:29
ac9ea1f7-691c-4548-b5b7-802e6073ba83,sakharov.tv,available,29.98,40.98,medium,low,8,namecheap,,,19/09/2026 04:30
e82fc082-cd0c-4f84-9ac3-4f5023abb80f,optimally.tv,available,29.98,40.98,medium,low,9,namecheap,,,15/09/2026 18:05
44dd46d0-dd25-42bc-8109-81b6c0f8fa22,slippers.tv,resell,,,medium,low,8,,,,30/09/2026 07:13
e873e6f0-54b1-4560-996b-bebdc27f6293,darien.tv,available,26.99,26.99,medium,low,6,namesilo,,,30/09/2026 13:31
d1a9837b-6b77-42b8-81c2-ca8a0a8c1287,voluminous.tv,available,26.99,26.99,medium,low,10,namesilo,,,13/08/2026 00:30
829a2641-abb3-4e08-aca0-2a512bfb8669,overfull.tv,available,26.99,26.99,medium,low,8,namesilo,,,20/08/2026 15:31
b1ab449b-d52d-4d5c-89d9-a6076299a1f7,bearish.tv,available,,,medium,low,7,,,,
a930a40a-064f-4658-810c-b651135a6c42,queasy.tv,available,26.99,26.99,medium,low,6,namesilo,,,24/08/2026 08:26
cbf865c5-38ca-4122-bcd6-0def066d8541,breakneck.tv,available,26.99,26.99,medium,low,9,namesilo,,,11/08/2026 03:08
ea7f4e4f-f185-4813-bd71-bb9d778acbea,offer.tv,resell,,,high,low,5,"Spaceship, Inc.",17/12/2014 09:13,17/12/2026 09:13,26/09/2026 07:52
8c616d47-ee38-4dc8-bb9d-5bd76839eece,involuntary.tv,available,24.98,24.98,medium,low,11,spaceship,,,30/09/2026 11:32
997193f9-f6d9-478c-94c0-d085d6e12610,berberis.tv,available,29.98,40.98,high,low,8,namecheap,,,23/09/2026 09:08
87d6820e-1594-426c-bf43-f00c422a5d03,skintight.tv,available,26.99,26.99,medium,low,9,namesilo,,,10/09/2026 09:40
9fb46726-a224-4f75-ab51-59475e8d897c,realty.tv,resell,,,high,low,6,"eNom, LLC",01/03/2002 19:28,01/03/2027 19:28,26/09/2026 08:31
4864a897-f352-4d86-8bf7-0e4c465ad97b,flaccid.tv,available,26.99,26.99,medium,low,7,namesilo,,,18/08/2026 06:07
60cab524-dd1e-4e71-a065-efee07cabf8e,losses.tv,available,26.99,26.99,medium,low,6,namesilo,,,28/09/2026 10:16
469cd024-7ced-418d-9dde-7b2e350a45a9,deli.tv,resell,,,high,low,4,1API GmbH,07/06/2012 01:21,07/06/2027 01:21,26/09/2026 05:29
aefba7e9-549a-40b6-9d70-144533397a4e,withstand.tv,available,24.98,24.98,high,low,9,spaceship,,,29/09/2026 14:12
488dcea1-8fa1-4d01-8149-abd710bf6c51,synthase.tv,available,26.99,26.99,medium,low,8,namesilo,,,28/09/2026 16:05
9e921c7b-72fd-4d63-a5a5-12fd8faf0057,athens.tv,resell,,,high,low,6,Dynadot Inc,03/08/2016 08:38,03/08/2027 08:38,26/09/2026 04:06
ee3f27a7-a4bc-47cd-a58b-5ea06b227d2a,cherbourg.tv,available,24.98,24.98,medium,low,9,spaceship,,,30/09/2026 09:08
03e659fc-7fb4-47c6-9c5b-72839d25cc49,bipedal.tv,available,26.99,26.99,medium,low,7,namesilo,,,10/08/2026 05:09
54b5707b-4448-4763-b3d7-629a856a89bb,midget.tv,available,,,high,low,6,,,,
106ef0f0-6b69-487f-a4b8-71c1e6eb6651,ideally.tv,available,26.99,26.99,medium,low,7,namesilo,,,28/09/2026 15:16
17172e7e-801e-4a96-a118-f8fe04753d45,logrolling.tv,available,29.98,40.98,medium,low,10,namecheap,,,23/09/2026 20:50
554a5c62-4746-4868-b5a6-6e545821bdcf,publicly.tv,available,25,25,medium,low,8,cloudflare,,,28/09/2026 15:37
114c6996-e5e6-4792-bc0d-0eb0b3062e4a,ramose.tv,available,26.99,26.99,medium,low,6,namesilo,,,11/08/2026 02:14
6694f180-e310-4a28-9db4-a612e6beb0d9,hat.tv,resell,,,high,low,3,Dynadot Inc,15/12/2016 21:49,15/12/2026 21:49,26/09/2026 06:35
6fb1ea90-c640-42b3-8e80-5e4782d12380,downy.tv,available,26.99,26.99,high,low,5,namesilo,,,14/08/2026 17:40
eefa4f42-89f4-4d70-9515-d8d8d15aa444,excites.tv,available,26.99,26.99,medium,low,7,namesilo,,,20/09/2026 13:19
a0b1b722-f671-4fc2-bf97-07358c337538,absorbing.tv,available,26.99,26.99,high,low,9,namesilo,,,21/09/2026 15:02
bfdcf584-e76b-41d6-82da-9159d236c53b,embarrassing.tv,available,26.99,26.99,medium,low,12,namesilo,,,27/09/2026 06:37
865e99b5-ab26-44db-a9b6-21cfe979f4e3,fades.tv,available,25,25,medium,low,5,cloudflare,,,01/10/2026 00:52
2d46fa7e-b490-48c4-b710-623722598cdd,pickaback.tv,available,26.99,26.99,medium,low,9,namesilo,,,15/09/2026 19:48
27a9b6a2-67a7-4251-bd98-2e7a50f25e4f,severed.tv,available,41.99,46.99,medium,low,7,name.com,,,13/08/2026 12:32
9b38ccbe-954a-4237-b61b-76e159658ef4,retch.tv,available,26.99,26.99,high,medium,5,namesilo,,,10/09/2026 07:37
7b524c2c-7b1e-45e2-bf6c-b551aecc40d7,reentrant.tv,available,26.99,26.99,medium,low,10,namesilo,,,09/09/2026 10:51
718644d9-c24f-48e7-9cbe-812f1b280f86,dawdling.tv,available,26.99,26.99,medium,low,8,namesilo,,,11/09/2026 19:40
30fa8378-9cf5-4210-8ec6-7c8b81e36d68,attended.tv,available,29.98,40.98,medium,low,8,namecheap,,,22/09/2026 11:17
59fbb36b-5b19-40dd-98c3-195af7224462,opaline.tv,available,26.99,26.99,medium,low,7,namesilo,,,04/09/2026 15:45
10c13856-bffe-40b5-a635-3226c5d02ac0,raining.tv,available,29.98,40.98,high,low,7,namecheap,,,19/09/2026 11:06
a22c02c3-9a41-44c0-9a5d-abb842750493,originality.tv,available,24.98,24.98,high,low,11,spaceship,,,30/09/2026 14:27
08ee61be-49b5-4b12-86ef-58192f1a52eb,hundreds.tv,available,29.98,40.98,medium,low,8,namecheap,,,25/09/2026 20:33
14b89954-07ff-4d5a-8938-45c2c50c79e9,sashay.tv,available,26.99,26.99,medium,low,6,namesilo,,,11/09/2026 05:14
40990cc2-67d3-4505-83ec-a689b9d6a936,cocoa.tv,resell,,,high,low,5,Dynadot Inc,18/12/2009 06:16,18/12/2026 06:16,29/09/2026 08:48
99bae797-53f9-4ac7-8905-67c200bbfd43,bioweapon.tv,available,26.99,26.99,medium,low,9,namesilo,,,23/09/2026 17:40
ee26c99a-cad6-4477-ab98-17cca2a2b126,welcomed.tv,available,29.98,40.98,high,low,8,namecheap,,,29/09/2026 08:42
e099cc15-13fc-4c9c-a728-406b01ab3161,dogs.tv,resell,,,high,low,4,Dynadot Inc,04/08/2019 16:44,04/08/2027 16:44,26/09/2026 05:38
6461a7ee-ac2f-40e6-9f1e-c1d8513caf34,quill.tv,resell,,,high,low,5,,,,29/09/2026 18:54
20a9fef0-929c-485f-8795-b9cedebb240e,unending.tv,available,,,high,low,8,,,,
d325bf69-65b8-4dcb-9a34-a1e951255133,integrally.tv,available,26.99,26.99,medium,low,10,namesilo,,,15/09/2026 08:51
00fba668-9630-48ed-be02-82fb70b51c72,clerk.tv,resell,,,high,low,5,Dynadot Inc,08/04/2008 20:40,08/04/2027 20:40,29/09/2026 10:01
686411e6-77cb-430f-9f7b-7c8a161d14c0,efficiently.tv,available,26.99,26.99,medium,low,11,namesilo,,,30/09/2026 12:23
bb4c9743-64fa-4bbb-9d7e-8d734bd81a83,vincible.tv,available,26.99,26.99,medium,low,8,namesilo,,,09/08/2026 05:42
128fb954-c79d-4649-83e4-cfab6d4db52f,desirable.tv,available,26.99,26.99,high,low,9,namesilo,,,14/08/2026 03:47
bc61003b-e614-42a0-9993-7e7b159ffe1d,refuses.tv,available,24.98,24.98,low,low,7,spaceship,,,28/09/2026 09:00
e78ab8ed-6aa3-44d6-bd74-60500d9a3dc4,hitting.tv,available,26.99,26.99,high,low,7,namesilo,,,25/09/2026 07:22
c9413494-3dc5-44ef-be6e-a5dc8859621d,hillsborough.tv,available,26.99,26.99,medium,low,12,namesilo,,,28/09/2026 07:56
c4227499-7555-48a8-a902-d4623ab421e6,bigarade.tv,available,26.99,26.99,medium,low,8,namesilo,,,23/09/2026 15:03
7504ddef-3d83-469b-8727-85d6aa9b86a1,theyre.tv,available,26.99,26.99,medium,low,6,namesilo,,,
0eac614b-ad31-4526-961c-e6a50d4fa355,frunze.tv,available,26.99,26.99,medium,low,6,namesilo,,,23/09/2026 21:44
c5365d26-69e4-48ff-83e2-d1e3743c9680,shopper.tv,resell,,,high,low,7,,,,01/10/2026 02:32
180bb4be-6394-4d0c-a8e6-1fd9586c7c29,nohow.tv,available,26.99,26.99,low,low,5,namesilo,,,15/09/2026 16:44
2c03dbc9-8209-4544-bf6a-3fb3604dec08,screeching.tv,available,26.99,26.99,medium,low,10,namesilo,,,09/09/2026 23:59
07808620-723f-4362-8334-d5e25c027766,abrachia.tv,available,26.99,26.99,medium,low,8,namesilo,,,16/09/2026 16:47
a8248846-619d-40f7-bc33-9cf3da800cc5,ounces.tv,available,26.99,26.99,medium,low,6,namesilo,,,16/09/2026 11:16
532d6dbc-3d45-4ddf-a894-8c7cc9363ae6,objection.tv,available,26.99,26.99,high,low,9,namesilo,,,25/09/2026 22:40
46757584-86a0-4b01-ad3b-b122468071e5,beckley.tv,available,26.99,26.99,medium,low,7,namesilo,,,22/09/2026 22:43
45718f6a-416b-476d-b473-f62c06861fc8,falcon.tv,resell,,,high,medium,6,,,,28/09/2026 19:10
0cf4ebbe-0a88-4713-ab2b-a1e83a60ab48,astro.tv,resell,,,high,medium,5,,,,29/09/2026 14:36
62561cd1-953b-4d38-b82b-1d2831c43f5c,latterly.tv,available,26.99,26.99,medium,low,8,namesilo,,,15/09/2026 10:54
0e355503-cc14-4e1c-944e-39ecf894b2e3,adenosine.tv,available,26.99,26.99,medium,low,9,namesilo,,,17/09/2026 07:32
382bbf09-590e-4ac4-897d-0f63b60659ad,unfretted.tv,available,26.99,26.99,medium,low,9,namesilo,,,12/09/2026 10:45
ef0011f3-5786-4d3e-9260-e77bf98f0b4d,acarus.tv,available,29.98,40.98,medium,low,6,namecheap,,,16/09/2026 21:38
f4a46f70-2a6d-47e9-afd6-09fc5e78d611,exams.tv,resell,,,medium,low,5,,,,28/09/2026 23:32
c1db3209-1fe0-4243-8c0e-5252b82600dc,fascist.tv,available,26.99,26.99,medium,low,7,namesilo,,,17/08/2026 22:58
8df36066-e394-4ba3-a268-f0566a80b562,beseeching.tv,available,26.99,26.99,medium,low,10,namesilo,,,09/08/2026 15:20
064bca75-9737-4e1b-99d1-bae3847cff1e,nutrient.tv,available,,,high,low,8,,,,
9ca1dffa-40d0-4968-80bc-b0e181dd1116,wajda.tv,available,26.99,26.99,medium,low,5,namesilo,,,19/09/2026 05:01
fbf55822-2217-4634-afc8-95fdc18eeac5,missiles.tv,available,29.98,40.98,low,low,8,namecheap,,,28/09/2026 00:20
8d015bfe-e8fe-49df-a338-8de66028d41e,decent.tv,available,,,high,low,6,,,,
e9e6baf1-97fe-420a-a037-092445f619bc,stargazer.tv,resell,,,high,low,9,Dynadot Inc,11/09/2021 08:35,11/09/2027 08:35,26/09/2026 09:16
45d9ede2-51ac-4382-be37-4dcc090e5ca3,xiang.tv,resell,,,medium,low,5,,,,29/09/2026 22:18
b833c9a1-c555-4f99-933e-c583338022e2,removing.tv,available,26.26,26.26,high,low,8,porkbun,,,28/09/2026 07:21
4af6154c-0d27-4d66-aed5-3f127c15d042,downright.tv,available,29.98,40.98,high,low,9,namecheap,,,14/08/2026 17:50
3a1efdf2-bbc8-4dd3-80e6-aa9dd6b7f0d4,ashkenazi.tv,available,26.99,26.99,medium,low,9,namesilo,,,20/09/2026 13:54
64b470ad-33fc-4bda-804a-3cb6f2a6d232,picture.tv,resell,,,high,low,7,"Spaceship, Inc.",08/06/2015 08:08,08/06/2027 08:08,26/09/2026 08:09
6d053558-fa01-439f-a9ac-0a5b2f094959,tarnish.tv,available,26.99,26.99,medium,low,7,namesilo,,,24/08/2026 12:50
4c255c92-9be1-48dd-a2fd-23b346bef4e9,roseate.tv,available,26.99,26.99,high,medium,7,namesilo,,,09/09/2026 18:40
c6b2979e-fc11-4709-960d-59022b915e9b,wilderness.tv,resell,,,high,low,10,,,,28/09/2026 15:33
d7114636-afcd-43a7-a17a-9c7bf06e4e1e,obliquity.tv,available,29.98,40.98,medium,low,9,namecheap,,,20/09/2026 18:47
3230bf7f-3dfc-4ab3-b77e-69123eeb90e8,autogeny.tv,available,26.99,26.99,medium,low,8,namesilo,,,16/09/2026 15:57
75dfb1a2-4f89-4dad-a2dd-0ee9756b2cb2,luce.tv,resell,,,high,low,4,,,,30/09/2026 09:11
b204d3dc-13b7-4b16-8a4f-338b85a63228,brooks.tv,resell,,,high,low,6,1API GmbH,12/04/2002 22:30,12/04/2027 22:30,26/09/2026 04:38
75808d9a-4bb4-4270-8693-ff6c392179a3,joanne.tv,resell,,,high,low,6,,,,27/09/2026 19:17
276238de-0915-441f-a807-7ad80be08a3d,salamanca.tv,resell,,,medium,low,9,,,,28/09/2026 16:27
2763d131-dec8-4941-8622-2ebb21aec905,sole.tv,resell,,,high,low,4,"Network Solutions, LLC",13/06/2019 04:01,13/06/2027 04:01,27/09/2026 23:42
67119483-f295-405f-9bb7-95f5d38eb742,esteem.tv,resell,,,high,low,6,Dynadot Inc,05/12/2016 12:07,05/12/2026 12:07,28/09/2026 18:46
53271419-4e05-403a-b232-715c7c2d84d4,sonar.tv,resell,,,high,low,5,Dynadot Inc,05/01/2017 10:41,05/01/2027 10:41,26/09/2026 09:09
7d807050-2172-42ec-a76c-f7cd7fae98c2,wegener.tv,available,26.99,26.99,medium,low,7,namesilo,,,18/09/2026 06:39
aaa8afd1-9950-4fe8-9e20-041574e7b3d3,kendrick.tv,available,26.26,26.26,medium,low,8,porkbun,,,28/09/2026 08:02
f81fa034-4317-4877-a615-09beb7dd1402,heretofore.tv,available,26.99,26.99,medium,low,10,namesilo,,,13/09/2026 21:50
95f82a95-5437-428c-b871-8d6bd91854c3,ghoulish.tv,available,26.99,26.99,medium,low,8,namesilo,,,18/08/2026 23:21
d163183e-f785-414b-92a2-e00560edd142,ostensive.tv,available,26.99,26.99,medium,low,9,namesilo,,,04/09/2026 18:31
b4f06c25-7b24-41b1-a40f-4a7b5343fa52,miss.tv,resell,,,high,low,4,,,,27/09/2026 03:56
9155d92c-d80f-4b20-ad71-52b5b97cdcf6,cyanide.tv,available,26.99,26.99,medium,low,7,namesilo,,,30/09/2026 09:19
b21992b2-2bbb-4e79-ac6c-c36997d6307e,wordless.tv,available,26.99,26.99,medium,low,8,namesilo,,,03/09/2026 11:53
90e400e6-e3d9-407e-8149-92b262674e69,ablated.tv,available,26.99,26.99,medium,low,7,namesilo,,,
f662bf7f-4696-4f7f-8e23-4e0e6508fcc5,fucking.tv,resell,,,high,low,7,Dynadot Inc,13/07/2000 05:10,13/07/2027 05:10,26/09/2026 06:16
9cf1f31d-f75b-41d0-a0c6-5c128008722d,bank.tv,resell,,,high,medium,4,"GoDaddy.com, LLC",18/06/2007 16:49,18/06/2027 16:49,29/09/2026 01:00
5abce92f-fd66-449c-9dba-ce5170bae4b4,assuredly.tv,available,26.99,26.99,medium,low,9,namesilo,,,13/09/2026 22:09
166557f1-cda7-4a75-8093-0df1ce23fc33,securities.tv,resell,,,medium,low,10,,,,29/09/2026 22:51
b98c3f50-2ca5-460a-83ac-98ff63af3c08,baseness.tv,available,26.99,26.99,medium,low,8,namesilo,,,22/09/2026 10:25
d0827b24-8577-4e2a-ac8d-bc08ff383009,auctioneer.tv,available,26.99,26.99,high,low,10,namesilo,,,21/09/2026 02:42
2105510d-e635-4fd0-869a-c40887650b4d,contemporary.tv,resell,,,high,low,12,,,,28/09/2026 15:37
950d7e4f-c51b-4edf-a3c8-2feef97bc959,onionskin.tv,available,26.99,26.99,medium,low,9,namesilo,,,18/08/2026 08:17
634d9d2a-795b-479c-ac55-460a38872f68,duple.tv,available,26.99,26.99,medium,low,5,namesilo,,,14/08/2026 20:37
55e03928-dd55-4425-83bf-4c2c29c19551,granddaughter.tv,available,26.26,26.26,high,low,13,porkbun,,,30/09/2026 22:09
4d63979b-7c5a-46cd-9836-81a1d96289fa,ashtoreth.tv,available,26.99,26.99,medium,low,9,namesilo,,,20/09/2026 14:02
cad6caf8-5f0f-4763-b2f1-f549e205cbab,fanny.tv,available,,,medium,low,5,,,,
7ca7ebb6-cedf-4357-8174-4dc66dfef2e5,alizarine.tv,available,26.99,26.99,medium,low,9,namesilo,,,18/09/2026 08:13
87eecba3-a884-4aeb-b4ac-52a17a2e9a17,gallic.tv,available,26.99,26.99,medium,low,6,namesilo,,,18/08/2026 15:02
1e0d9e34-a09b-409d-b7ad-3c38bb3ece82,claxon.tv,available,26.99,26.99,medium,low,6,namesilo,,,23/09/2026 01:29
15e77c47-41ca-405c-812d-dd9fe17b2a3c,supportive.tv,available,24.98,24.98,high,low,10,spaceship,,,28/09/2026 02:03
ebb4c6f0-c625-44b8-8234-f2972506b3b1,fang.tv,resell,,,high,low,4,,,,29/09/2026 06:51
b6202a04-48e2-429e-a879-3ef795a8351a,curl.tv,resell,,,high,low,4,1API GmbH,12/05/2019 08:00,12/05/2027 08:00,29/09/2026 13:04
e832e069-d138-492d-aa4d-801ceef06ddc,beautifully.tv,available,26.99,26.99,high,low,11,namesilo,,,
d76ec4aa-5470-4025-aae7-dd7f2ccc22e0,antiphony.tv,available,26.99,26.99,medium,low,9,namesilo,,,19/09/2026 14:57
49753b55-0f58-4e87-9201-f22a6ea80d8d,yue.tv,resell,,,medium,low,3,,,,29/09/2026 18:11
8c85e440-6275-4c10-aefe-fae1b454b68e,outlet.tv,resell,,,high,low,6,"Ascio Technologies, Inc. Danmark - Filial af Ascio technologies, Inc. USA",11/12/2001 04:43,11/12/2026 04:43,29/09/2026 17:56
0cc064f1-01b0-40d6-93ee-44a6105122d5,premedical.tv,available,26.99,26.99,high,medium,10,namesilo,,,09/09/2026 01:40
0b3e0ac2-644b-4e3c-8872-d4c36bde079b,survives.tv,available,25,25,medium,low,8,cloudflare,,,29/09/2026 17:53
c766ec00-3a8e-4867-8da3-d134b2e9b6e3,grenville.tv,available,26.25,26.25,medium,low,9,dynadot,,,29/09/2026 04:31
c4e130d6-40a2-4a00-b168-00c36c141cc1,declined.tv,available,24.98,24.98,low,low,8,spaceship,,,28/09/2026 22:47
afe1d3b8-af2e-40cc-ac1b-da5323cd7dca,slovenly.tv,available,26.99,26.99,medium,low,8,namesilo,,,18/08/2026 16:55
cdb57117-c564-464b-9dd0-3fab3cc820a6,earliest.tv,available,26.99,26.99,medium,low,8,namesilo,,,24/09/2026 12:55
277e1298-b3df-47bd-8000-950081936e80,oxidative.tv,available,26.99,26.99,medium,low,9,namesilo,,,04/09/2026 22:23
860e9c8d-9db5-4044-ad51-ee12959f173b,darkling.tv,available,41.99,46.99,medium,low,8,name.com,,,13/08/2026 18:16
6340eb52-7a0d-413c-a182-7eca7c999373,acromegaly.tv,available,29.98,40.98,medium,low,10,namecheap,,,17/09/2026 03:48
74426129-1cb5-48cd-bd00-1d6595e71958,genetically.tv,available,26.25,26.25,medium,low,11,dynadot,,,28/09/2026 21:22
0b4c0c77-f44d-4956-899a-7e666f3ce000,sunhat.tv,available,26.99,26.99,high,low,6,namesilo,,,30/09/2026 12:15
907793ea-db12-430a-83b3-87d931ed756b,anaerobic.tv,available,,,medium,low,9,,,,
421b7cef-46fa-43c0-b583-d2524b3b292c,upended.tv,available,26.99,26.99,medium,low,7,namesilo,,,12/09/2026 23:06
69867722-d403-419d-a236-48db80b38a68,crinkly.tv,available,26.99,26.99,medium,low,7,namesilo,,,13/08/2026 06:51
48dca504-14c6-4239-8c00-c0ffe6d00082,preaching.tv,resell,,,high,low,9,,,,28/09/2026 15:06
f5300c5b-f2ef-4489-8522-7481792e80b4,regularly.tv,available,26.99,26.99,medium,low,9,namesilo,,,15/09/2026 17:25
66b0cb84-c3b1-42c2-afec-dc58b9a32931,undyed.tv,available,26.99,26.99,medium,low,6,namesilo,,,12/09/2026 02:08
0632dfd8-5c94-4102-a1d2-f5a6de383565,conceal.tv,available,25,25,high,low,7,cloudflare,,,29/09/2026 22:43
cb3fd7f7-340b-4d7e-ac57-637984023b4c,albula.tv,available,26.99,26.99,medium,low,6,namesilo,,,18/09/2026 03:24
dc2e757c-485b-4dcc-b13a-971fa5435ed3,neatly.tv,available,26.99,26.99,medium,low,6,namesilo,,,15/09/2026 16:16
488b00af-d4c3-4d5d-a7af-dbe0bd0f8824,projections.tv,available,26.25,26.25,low,low,11,dynadot,,,30/09/2026 06:43
b3f410a0-07eb-4808-bf26-7620a717cc5a,severely.tv,available,29.98,40.98,medium,low,8,namecheap,,,28/09/2026 13:15
0f194ffd-e689-456d-a1d8-7721b89c9377,bargaining.tv,available,26.99,26.99,high,low,10,namesilo,,,22/09/2026 05:36
94f4a919-df30-4381-a776-4c7cb7d0076d,pinnate.tv,available,29.98,40.98,high,medium,7,namecheap,,,08/09/2026 19:48
0ca1a31e-501c-4404-b268-97e6c86a9e2d,anomia.tv,available,29.98,40.98,medium,low,6,namecheap,,,18/09/2026 22:21
617b636c-972f-4b62-8f2b-1e4b19eb1b0b,having.tv,available,12.5,35.99,high,low,6,godaddy,,,01/10/2026 01:15
4c671e5a-39d8-4513-8a23-31da12b4451a,rooms.tv,resell,,,high,low,5,,,,30/09/2026 10:23
96bfc5a4-019a-4bd2-a5e1-b7075d02e1f8,aeolian.tv,available,26.99,26.99,medium,low,7,namesilo,,,
20890b21-e3f3-4fbe-8646-140068c2851f,aflame.tv,available,26.99,26.99,medium,low,6,namesilo,,,
32929b69-d486-44de-8afb-d548592835bc,inherently.tv,available,26.99,26.99,medium,low,10,namesilo,,,15/09/2026 08:20
f80c04c0-e0a3-4588-b5e7-2f0da0777df2,blythe.tv,available,24.98,24.98,high,low,6,spaceship,,,29/09/2026 23:30
f96a84a4-0587-442d-a33c-64495b0cea71,variform.tv,available,26.99,26.99,medium,low,8,namesilo,,,13/09/2026 01:22
c0507219-ef68-4724-80d3-fd1e6e0882ca,adapters.tv,available,24.98,24.98,medium,low,8,spaceship,,,01/10/2026 00:53
9575fce6-c796-46f9-8d37-9b27907b0188,confirms.tv,available,26.99,26.99,low,low,8,namesilo,,,29/09/2026 05:49
2cd41644-5011-4574-b8bc-7f750a7418e2,descendant.tv,available,26.99,26.99,high,low,10,namesilo,,,14/08/2026 03:14
42b5a5cc-57ff-4898-ad75-1beb831effcd,cityfied.tv,available,26.99,26.99,medium,low,8,namesilo,,,12/08/2026 08:49
b6fd7e07-de69-4419-8d8f-f66db377deed,washes.tv,available,26.99,26.99,medium,low,6,namesilo,,,20/09/2026 04:54
0e4dbc86-0e90-4ddc-a785-fa29f86ce6b7,antarctica.tv,resell,,,high,high,10,1API GmbH,05/01/2006 05:39,05/01/2027 05:39,26/09/2026 03:54
f6adedab-d8f5-4b37-9035-516377f80aff,floored.tv,available,26.99,26.99,medium,low,7,namesilo,,,18/08/2026 08:49
29aaf401-5c53-4ce4-87bb-d64af83305b2,generously.tv,available,29.98,40.98,high,low,10,namecheap,,,14/09/2026 21:14
63843760-8b93-4509-8523-8ec4a3e0bde6,ambitions.tv,available,26.99,26.99,medium,low,9,namesilo,,,20/09/2026 04:21
5c1f5080-3e16-4911-8186-65b294381609,schedule.tv,resell,,,high,low,8,1API GmbH,10/02/2011 09:01,10/02/2027 09:01,30/09/2026 20:43
9624acdc-0038-4bd9-8da0-68ce394321b9,rumansh.tv,available,26.99,26.99,high,medium,7,namesilo,,,09/09/2026 18:32
54e8a245-ea21-4ebb-82e1-03e19a29344f,bitten.tv,available,24.98,24.98,low,low,6,spaceship,,,29/09/2026 10:18
0852345b-fcdf-4698-8abb-730817df1b0d,perforate.tv,available,26.99,26.99,high,low,9,namesilo,,,08/09/2026 16:54
41aaef45-adeb-4e5b-b79e-c0f93711873a,macaronic.tv,available,26.99,26.99,medium,low,9,namesilo,,,24/08/2026 12:44
e6b43df2-7c46-426c-ad13-3d54f0945284,personable.tv,available,29.98,40.98,high,low,10,namecheap,,,08/09/2026 17:59
4b03f741-f1d3-4ae8-9247-be8a1b13df9f,masted.tv,available,26.99,26.99,medium,low,6,namesilo,,,24/08/2026 16:45
81c1244b-d5c5-482d-88e5-e30b97a8be98,achieved.tv,available,24.98,24.98,high,low,8,spaceship,,,28/09/2026 12:45
f6dbd0ca-f0b9-4fd1-975a-e28fcf16e06c,adventurous.tv,available,26.99,26.99,high,low,11,namesilo,,,29/09/2026 14:20
fd0d5692-f0ca-4e4c-87d8-2a7e16b90167,cart.tv,resell,,,high,low,4,,,,27/09/2026 12:16
345efc74-756a-40c9-a26d-c8fcb41488c5,inherited.tv,available,26.99,26.99,high,low,9,namesilo,,,18/08/2026 21:33
68ccc05f-5860-423e-9ec0-e9e39890a559,mutative.tv,available,26.99,26.99,medium,low,8,namesilo,,,03/09/2026 11:48
00d45fd5-4741-48ac-9b51-e656c156c07a,seizing.tv,available,25,25,medium,low,7,cloudflare,,,30/09/2026 18:24
bd01c740-aa08-4056-a29c-afb739d9834d,royally.tv,available,26.99,26.99,medium,low,7,namesilo,,,15/09/2026 12:01
2e09e72c-d558-4169-95df-4ad2f74b88b6,oxfam.tv,available,26.99,26.99,high,low,5,namesilo,,,
e7d73644-001a-4545-a646-fefb07b8f429,phrenic.tv,available,29.98,40.98,high,medium,7,namecheap,,,08/09/2026 19:21
14cec688-f314-4971-88cf-294336741f66,dardan.tv,available,29.98,40.98,medium,low,6,namecheap,,,11/09/2026 20:19
fe848809-09c5-456f-a47f-4453b310f332,narcotic.tv,available,26.99,26.99,medium,low,8,namesilo,,,03/09/2026 13:12
f8d5226c-6586-4c52-8ecc-be71027eb4f4,basics.tv,available,26.99,26.99,high,low,6,namesilo,,,29/09/2026 01:23
784334c5-dc03-4d7e-bddf-0e0997b57939,wolfbane.tv,available,29.98,40.98,medium,low,8,namecheap,,,17/09/2026 02:09
25817b6e-efe3-4ae1-bbe2-e493726456fe,distantly.tv,available,26.99,26.99,medium,low,9,namesilo,,,14/09/2026 13:17
bb92e12a-ffed-4e7f-bd28-1c1ac4203309,bite.tv,resell,,,high,low,4,Dynadot Inc,02/04/2015 05:40,02/04/2027 05:40,26/09/2026 04:27
208e188d-e174-4622-9f88-d5bb646ef03d,bezel.tv,available,26.99,26.99,medium,low,5,namesilo,,,23/09/2026 12:19
9eabd135-974c-4874-bd11-9fade2f36a5f,riots.tv,resell,,,low,low,5,,,,29/09/2026 05:50
3b2c98fc-1377-4630-a0ef-d80de6a67771,absently.tv,available,26.99,26.99,medium,low,8,namesilo,,,13/09/2026 16:41
4bc63cc2-7d66-4530-bb75-f1cb622a86f6,annan.tv,available,26.99,26.99,medium,low,5,namesilo,,,30/09/2026 05:28
20d42372-ec6d-4535-8dc3-a3e2e9f0dd43,raise.tv,resell,,,high,low,5,1API GmbH,04/06/2012 08:01,04/06/2027 08:01,26/09/2026 08:29
18b05ea8-3c2d-41eb-abef-84a4bbd9965d,silvio.tv,resell,,,medium,low,6,,,,30/09/2026 00:38
9a49d4ef-0f88-461e-94cb-d2818c6217b2,awheel.tv,available,26.99,26.99,medium,low,6,namesilo,,,08/08/2026 01:05
b78f457e-b0ed-45c3-bd9e-1ccfd0b09e49,thickener.tv,available,26.99,26.99,medium,low,9,namesilo,,,11/09/2026 13:14
734ef8f3-6014-4eb4-a493-78f17ff21f34,least.tv,available,29.98,40.98,high,low,5,namecheap,,,25/09/2026 13:24
d737fcfd-1bc4-4494-adea-40e91e9c09cd,four.tv,resell,,,high,low,4,"GoDaddy.com, LLC",18/03/2010 17:53,18/03/2027 17:53,26/09/2026 06:13
9592bcfc-b57e-4001-9ca6-5306ac19af6d,gusts.tv,available,29.98,40.98,medium,low,5,namecheap,,,20/09/2026 20:54
c72ee550-896f-4629-bfb2-f5f41b8cd700,dearie.tv,available,41.99,46.99,medium,low,6,name.com,,,13/08/2026 18:19
c33c3a80-7189-4d61-a6a8-e7812064e23d,gomad.tv,available,26.99,26.99,medium,low,6,namesilo,,,20/09/2026 00:44
389621a2-80f9-4128-9d9d-c869fda3f855,farms.tv,resell,,,medium,low,5,1API GmbH,30/04/2002 21:38,30/04/2027 21:38,26/09/2026 06:01
937eff9c-a24f-460c-b6ee-54ceb980fa21,seville.tv,resell,,,medium,low,7,,,,30/09/2026 18:37
6a3a1a0c-80ee-47b5-b6f6-8755fcdbfed7,numbered.tv,available,25,25,medium,low,8,cloudflare,,,29/09/2026 10:20
2bef34c7-59c3-41f6-b633-857dd0226d38,copesetic.tv,available,26.99,26.99,high,low,9,namesilo,,,13/08/2026 00:22
8be1874c-3a28-45fe-b4c6-60d4f41bbc63,immoderate.tv,available,29.98,40.98,medium,low,10,namecheap,,,21/08/2026 21:07
e91ff159-957a-43e8-babe-3c1bc0390e1f,publicized.tv,available,26.99,26.99,high,low,10,namesilo,,,27/09/2026 08:05
ecd68afc-8f74-4fba-a4c8-180a94eb32c5,flanders.tv,available,29.98,40.98,medium,low,8,namecheap,,,30/09/2026 09:38
d9373c21-5bfe-48fb-850a-7636bb61668a,ungraded.tv,available,26.99,26.99,medium,low,8,namesilo,,,14/08/2026 09:06
134dfd9c-525a-48c9-b0aa-dbc83c978896,rochester.tv,resell,,,medium,low,9,,,,01/10/2026 03:35
5b31d6fc-ae8f-42c5-962a-4846df8d2b8c,glassless.tv,available,26.99,26.99,medium,low,9,namesilo,,,20/08/2026 14:11
36a57c9e-322f-465e-b833-685f34a33b83,heterodyne.tv,available,26.99,26.99,medium,low,10,namesilo,,,21/08/2026 07:29
6ed91dc5-ffda-4d7c-b9d9-0dcc441dde04,meaty.tv,available,26.99,26.99,high,low,5,namesilo,,,24/08/2026 18:35
a045fbcf-1381-4432-ac21-f75c218d6095,lilting.tv,available,26.99,26.99,high,low,7,namesilo,,,23/08/2026 08:41
88860934-c5d5-439c-9fe2-354be8aa9bb8,neoclassic.tv,available,26.99,26.99,medium,low,10,namesilo,,,03/09/2026 15:21
2d591219-a5c1-423d-91c2-5e43ba99a0be,gobsmacked.tv,available,26.99,26.99,medium,low,10,namesilo,,,20/08/2026 16:00
c7c294e3-ba52-4af2-a5ec-ae77aa9baf69,bennie.tv,available,26.99,26.99,high,low,6,namesilo,,,23/09/2026 08:32
112c09a0-c466-494b-91e4-cbec5ac568e3,karma.tv,resell,,,high,medium,5,,,,29/09/2026 07:24
c5b09d7b-8cb4-47f3-9204-fe076984db22,endpoints.tv,available,26.25,26.25,medium,low,9,dynadot,,,30/09/2026 07:49
cbdf0379-8c56-4b35-988f-e9bd421691dc,glide.tv,resell,,,high,medium,5,Dynadot Inc,16/12/2017 09:01,16/12/2026 09:01,26/09/2026 06:24
7f64a4de-9b27-4054-a25d-ae736e79538f,additions.tv,available,26.99,26.99,medium,low,9,namesilo,,,18/09/2026 16:32
c01bae35-f5bb-476c-8998-4f346891e0fe,catawba.tv,available,26.99,26.99,high,low,7,namesilo,,,30/09/2026 08:59
0b0bf6bb-fdc4-480b-8922-5280c6b073b0,fulfilled.tv,available,29.98,40.98,high,low,9,namecheap,,,18/08/2026 17:51
70d9b1f2-0072-4bbf-bcde-86def5f105b6,recording.tv,resell,,,high,low,9,Dynadot Inc,21/04/2020 08:27,21/04/2027 08:27,30/09/2026 09:21
17dd7f8e-05bb-417b-a9eb-55a63f1d7fb3,antifungal.tv,available,29.98,40.98,medium,low,10,namecheap,,,
8260d0b9-bf87-4aaa-a1fb-3645eeb3fc8b,leaked.tv,resell,,,high,low,6,,,,30/09/2026 06:51
14078e1d-baeb-4c9c-92aa-1a115f87d7ad,loamy.tv,available,26.99,26.99,medium,low,5,namesilo,,,24/08/2026 08:15
794da7f3-f38c-46c8-91eb-75f5a5c85c5a,antinode.tv,available,26.99,26.99,medium,low,8,namesilo,,,19/09/2026 14:48
87be9ab7-a6ba-46a5-a4eb-04fe20c2f611,famine.tv,available,24.98,24.98,medium,low,6,spaceship,,,29/09/2026 12:01
c553b483-4a33-407e-bb16-2b84034c6563,acoustic.tv,available,,,high,low,8,,,,
6e2cfa2a-f9f8-4828-9fdc-9353e9b4ee7b,bierce.tv,available,29.98,40.98,medium,low,6,namecheap,,,18/09/2026 17:23
ba8b90a9-9f73-4599-8c1c-82523bd3b7eb,bradstreet.tv,available,26.99,26.99,medium,low,10,namesilo,,,19/09/2026 10:16
51f014ab-cedf-4ebc-97f0-e805a525e64f,upmarket.tv,available,26.99,26.99,high,low,8,namesilo,,,12/09/2026 23:13
56f92152-6685-4a13-9f6a-8a102769c8b0,operose.tv,available,26.99,26.99,medium,low,7,namesilo,,,06/08/2026 17:05
990479ca-41b1-4717-91d6-edee21970b38,neodymium.tv,available,29.98,40.98,medium,low,9,namecheap,,,20/09/2026 23:22
6d1f5afa-cda0-40fd-ad89-7549ddf0a737,removable.tv,available,26.99,26.99,medium,low,9,namesilo,,,03/09/2026 23:44
dc528a35-9912-48cc-a892-3c3c73838ea9,kilogramme.tv,available,26.99,26.99,medium,low,10,namesilo,,,30/09/2026 23:59
290737b5-75ff-4b73-9835-12c395c4ca31,carts.tv,resell,,,medium,low,5,,,,30/09/2026 07:03
249c3f37-c9c9-44b8-a669-e86573459590,smirks.tv,available,26.99,26.99,low,low,6,namesilo,,,20/09/2026 14:28
f5255184-1a40-4966-ab23-8682cc7aea32,welles.tv,available,26.99,26.99,high,low,6,namesilo,,,27/09/2026 04:13
ac73e0ca-23c1-41a9-9ae8-1758caa37ea9,blate.tv,available,26.99,26.99,medium,low,5,namesilo,,,10/08/2026 13:35
e749cafa-967c-4c6d-8f98-c867eb992bf0,dictate.tv,available,24.98,24.98,high,low,7,spaceship,,,29/09/2026 18:38
c4066726-70a7-44d0-aed6-13e88bc3e690,stertorous.tv,available,29.98,40.98,low,low,10,namecheap,,,10/09/2026 20:21
1a5e497b-3f69-4deb-b199-f92d163f3dfc,commanded.tv,available,26.99,26.99,medium,low,9,namesilo,,,29/09/2026 16:38
021c9f61-0436-4e81-a9e0-accbf0b834b1,munificent.tv,available,29.98,40.98,medium,low,10,namecheap,,,22/08/2026 21:09
40e5ed3e-cf49-441e-a74c-fc6fee266a2f,battling.tv,available,26.99,26.99,high,low,8,namesilo,,,29/09/2026 09:02
b40bdcf1-21b3-4b5a-8242-ce6fd6122fe6,enrolled.tv,available,24.98,24.98,medium,low,8,spaceship,,,29/09/2026 10:33
66def00c-5aa8-46e2-9466-932c4efc6da1,taxable.tv,available,29.98,40.98,medium,low,7,namecheap,,,03/09/2026 19:07
1f2fc31d-5e76-4a68-b09f-e5d0db4c42e5,alcoves.tv,available,26.99,26.99,low,low,7,namesilo,,,20/09/2026 22:35
d0fde82e-370e-46b4-baa9-83c2b4f77aa9,cathedra.tv,available,26.99,26.99,medium,low,8,namesilo,,,23/09/2026 21:50
dd77f8ac-03d2-4e72-a624-151788b77ff1,centenary.tv,available,26.99,26.99,high,low,9,namesilo,,,11/08/2026 23:54
0ea25993-58e6-4ef2-b639-9c771c6ea62c,harmonized.tv,available,26.99,26.99,high,low,10,namesilo,,,12/08/2026 22:50
056854c1-6538-47dd-ae30-3bdeb0066fd4,disjointed.tv,available,26.99,26.99,medium,low,10,namesilo,,,14/08/2026 11:16
20dd9162-42c2-42c9-a427-7ff405684ceb,angered.tv,available,26.99,26.99,medium,low,7,namesilo,,,
99c92fcf-4b11-420a-a9ac-cd6d7b646e45,silken.tv,available,26.99,26.99,high,low,6,namesilo,,,09/09/2026 21:43
ad04e44c-0028-42b2-8ea7-e71e41ffd0dc,unweaned.tv,available,26.99,26.99,low,low,8,namesilo,,,12/09/2026 22:29
5f29704f-aab2-4b60-bc50-35d92ce79077,rutty.tv,available,29.98,40.98,medium,low,5,namecheap,,,09/09/2026 20:24
a797d024-6795-4884-b874-7d29c20448a1,contrary.tv,available,26.99,26.99,high,low,8,namesilo,,,23/09/2026 22:29
efe1c31d-9220-4164-8463-d1d225dcca7b,personals.tv,resell,,,medium,low,9,Dynadot Inc,02/10/2006 17:25,02/10/2027 17:25,28/09/2026 05:02
3f6d3f9c-931f-46d3-8f52-070873d7b8eb,immigration.tv,resell,,,high,low,11,,,,28/09/2026 17:22
e94a524a-a94d-458c-8aae-d9847bc067ce,cortlandt.tv,available,24.98,24.98,medium,low,9,spaceship,,,30/09/2026 22:25
ab624bb6-d29d-4370-bc45-6515f9db5a21,federalism.tv,available,24.98,24.98,medium,low,10,spaceship,,,29/09/2026 12:14
7e0b743f-ba97-46ba-9b23-6115313baffe,mistress.tv,resell,,,high,low,8,,,,27/09/2026 14:35
a39975a3-4a6d-43b0-8711-99a1f69d6eb8,roarer.tv,available,26.99,26.99,medium,low,6,namesilo,,,22/09/2026 16:57
22e758f1-817b-43ae-894c-98c1721ba649,softer.tv,available,26.99,26.99,medium,low,6,namesilo,,,30/09/2026 06:29
ef6ff43b-4046-43c0-97cf-d111cfb93b12,argali.tv,available,26.99,26.99,medium,low,6,namesilo,,,20/09/2026 04:09
767a8593-2f75-495a-b843-1b02e376e14a,flatness.tv,available,26.99,26.99,medium,low,8,namesilo,,,24/08/2026 17:17
fa5f627c-a6c5-4b45-bc55-5c67f04f4baa,lagrangian.tv,available,26.99,26.99,medium,low,10,namesilo,,,29/09/2026 14:39
0d2151ab-d6e2-4c54-8d5a-22e53f7419e8,susquehanna.tv,available,29.98,40.98,high,low,11,namecheap,,,27/09/2026 01:59
b779c3c6-5d3a-4509-a0f1-b4db5d52d7f8,alarum.tv,available,26.99,26.99,medium,low,6,namesilo,,,18/09/2026 02:00
817bf9c4-482e-4e3b-a230-64d24bc44549,popping.tv,available,26.99,26.99,high,low,7,namesilo,,,30/09/2026 02:36
0259bcf4-b6fb-402c-a017-27290bc2859f,typed.tv,available,26.99,26.99,high,low,5,namesilo,,,17/09/2026 22:44
d5ffcbd5-0876-49c9-a70f-e6b546687a9d,crawling.tv,available,26.99,26.99,medium,low,8,namesilo,,,28/09/2026 05:30
91386f36-74da-4a7d-94f2-c082ab7c6c1a,touched.tv,available,26.99,26.99,high,low,7,namesilo,,,25/08/2026 09:12
c0baa65c-c2e8-4ffa-aff6-fba8af8dcdb7,colorado.tv,resell,,,high,low,8,1API GmbH,01/08/2002 01:05,01/08/2027 01:05,26/09/2026 05:07
93c4f570-d26b-4699-9914-9dfadc318a75,castrated.tv,available,29.98,40.98,medium,low,9,namecheap,,,11/08/2026 20:30
74191335-f9b5-4cb1-8e75-0676a2d2c997,shorthand.tv,available,26.99,26.99,high,medium,9,namesilo,,,10/09/2026 06:49
8c849e8a-f84c-4df7-a98f-e19e48b19308,splendidly.tv,available,26.99,26.99,medium,low,10,namesilo,,,14/09/2026 16:44
afc8e755-0745-406c-a76c-b859ed46a615,balthasar.tv,available,26.99,26.99,high,low,9,namesilo,,,22/09/2026 00:15
9dbdad33-9cec-4dd0-8d4c-345055d75e78,discontent.tv,available,26.99,26.99,medium,low,10,namesilo,,,14/08/2026 09:59
f23c8486-27a0-4183-b39e-00283aa976e5,irritating.tv,available,26.99,26.99,medium,low,10,namesilo,,,
5f381c2d-d63a-4762-9536-065570772dd4,overshot.tv,available,26.99,26.99,medium,low,8,namesilo,,,04/09/2026 21:51
dae40daa-6ed2-4c49-84ea-fe6082cc43ac,bromine.tv,available,26.99,26.99,medium,low,7,namesilo,,,20/09/2026 22:58
44a790c1-b82c-48a1-9367-c1a336da912e,atavistic.tv,available,26.99,26.99,low,low,9,namesilo,,,07/08/2026 12:55
25d38219-88bb-4f17-b500-6f5ba283af00,supremely.tv,available,26.99,26.99,medium,low,9,namesilo,,,16/09/2026 07:39
86819b94-5436-4f19-938c-7d73e9c90985,fatten.tv,available,26.99,26.99,medium,low,6,namesilo,,,17/08/2026 23:09
0a317591-1315-4266-a879-7cf7bd234a01,dryer.tv,available,26.26,26.26,medium,low,5,porkbun,,,29/09/2026 18:42
842fb4e6-a979-4545-a27c-ec2912e641c8,paired.tv,resell,,,high,low,6,1API GmbH,09/09/2020 08:00,09/09/2027 08:00,26/09/2026 08:00
b503e799-cb63-4ded-9d15-f366c28c9857,concerning.tv,available,26.25,26.25,high,low,10,dynadot,,,28/09/2026 03:24
8e7b1f5c-66f1-444b-8afa-c9cd83d5ebd1,mathematician.tv,available,26.26,26.26,high,low,13,porkbun,,,30/09/2026 03:33
9ed6d0f8-f4fc-47b7-8ca9-fbe61f01732b,ruining.tv,available,24.98,24.98,medium,low,7,spaceship,,,29/09/2026 19:30
73ff5ff4-d927-460e-ba0d-534aae9f5535,vanity.tv,resell,,,high,low,6,Dynadot Inc,27/03/2010 19:47,27/03/2027 19:47,28/09/2026 21:03
ce8e258e-7cc2-4b51-bb1c-9b7a6dbdf337,vacuous.tv,available,26.99,26.99,low,low,7,namesilo,,,07/08/2026 02:52
e465f9c2-bcf8-4184-9184-dd77f94f6c2e,gimpy.tv,available,26.99,26.99,medium,low,5,namesilo,,,13/08/2026 07:05
d53ff548-c088-4e49-862c-3d0e13e77909,evident.tv,available,26.99,26.99,high,low,7,namesilo,,,06/08/2026 05:13
0f521cd9-9b51-440e-88af-13fefd62e203,assertive.tv,available,26.99,26.99,medium,low,9,namesilo,,,07/08/2026 05:59
9d08e272-b753-4f2e-82a8-40b026960159,kathy.tv,resell,,,high,low,5,,,,27/09/2026 19:14
62c60fbe-634e-4c3c-b636-9aae06d250d0,analytical.tv,available,26.99,26.99,medium,low,10,namesilo,,,
bcaa6523-4bf4-4468-89bb-e9b4debd136a,control.tv,resell,,,high,low,7,Dynadot Inc,06/09/2010 20:26,06/09/2027 20:26,29/09/2026 08:38
a3ce010b-f09d-43eb-bc8c-3d18b4883304,algometric.tv,available,26.99,26.99,low,low,10,namesilo,,,
57fd51c7-eb76-49b7-97ae-80893dadda25,zimmer.tv,resell,,,high,low,6,,,,29/09/2026 02:39
d479f6bc-5e5c-447e-a3f9-30088e3af1e0,tartness.tv,available,26.99,26.99,medium,low,8,namesilo,,,17/09/2026 03:12
1c358c5a-f80f-47ca-b94e-5e85d5955449,creditably.tv,available,26.99,26.99,medium,low,10,namesilo,,,14/09/2026 09:30
165cca73-0722-4bae-954d-6f9a3ad4a9ae,grapy.tv,available,29.98,40.98,medium,low,5,namecheap,,,20/08/2026 18:07
09c1a5cc-aae6-413b-b8e6-2d54de3d0d0c,bronte.tv,available,26.99,26.99,medium,low,6,namesilo,,,19/09/2026 10:16
95a4dd7f-a701-4e8f-8a84-1423d8cd19a1,reprints.tv,available,24.98,24.98,medium,low,8,spaceship,,,28/09/2026 09:09
1d36fcbc-a775-427e-8b55-317c77dfeae3,crazily.tv,available,26.99,26.99,low,low,7,namesilo,,,14/09/2026 09:15
616ed3ed-fc26-4185-9c7e-cc466df725ff,hara.tv,available,24.98,24.98,medium,low,4,spaceship,,,30/09/2026 13:49
8f801d35-df58-4e91-96dc-666942efb487,underground.tv,resell,,,high,low,11,"eNom, LLC",21/02/2001 08:00,21/02/2027 08:00,26/09/2026 09:51
2708ddd8-efbf-4ee2-89b8-8125b05c213d,hilar.tv,available,26.99,26.99,medium,low,5,namesilo,,,21/08/2026 09:19
d9a57ab1-e51c-4fbd-ae53-0b4e036127cc,acerola.tv,available,26.99,26.99,medium,low,7,namesilo,,,16/09/2026 23:42
62a54daa-3de5-4534-a121-363249c8bbf7,impede.tv,available,26.99,26.99,medium,low,6,namesilo,,,21/08/2026 09:28
6c908689-a5f4-41b5-b5be-22d3b92ff7b8,chile.tv,resell,,,high,high,5,Dynadot Inc,06/06/2018 20:31,06/06/2027 20:31,26/09/2026 04:54
a0a622c0-0581-4a7f-8cc1-ad07ac7b75bf,kitschy.tv,available,26.99,26.99,medium,low,7,namesilo,,,09/08/2026 00:53
0566d6db-c803-4126-95fc-72b535b41df9,moravia.tv,available,24.98,24.98,medium,low,7,spaceship,,,28/09/2026 19:54
ff156741-a6bc-45a4-bd0f-c03d0e26778f,mentally.tv,available,26.99,26.99,medium,low,8,namesilo,,,15/09/2026 14:13
66f3ec74-0f22-49dc-a633-948e58fba97e,pernickety.tv,available,29.98,40.98,medium,low,10,namecheap,,,08/09/2026 17:52
868b3df2-51ce-48ed-987d-0c3025ee976d,part.tv,resell,,,high,low,4,"GoDaddy.com, LLC",19/03/2010 19:17,19/03/2027 19:17,26/09/2026 08:02
e1d4aeb7-54b8-47b1-91a7-f2a74e429f37,illustration.tv,resell,,,high,low,12,,,,30/09/2026 14:22
69f3e9b9-4cce-4d23-8080-778029f2792f,elkins.tv,available,26.99,26.99,medium,low,6,namesilo,,,29/09/2026 15:44
d27412cc-a358-4128-9e3e-5bb95874d89e,areca.tv,available,26.99,26.99,medium,low,5,namesilo,,,20/09/2026 03:25
6eb1b14d-5f85-4f1a-aba4-4ff8d388e097,concentrated.tv,available,26.99,26.99,medium,low,12,namesilo,,,
58cb91dd-f25b-4a0a-b0d6-882d259be512,stalked.tv,available,26.99,26.99,medium,low,7,namesilo,,,08/09/2026 13:33
95b19917-367e-4921-bd14-9b5371738219,transferred.tv,available,29.98,40.98,medium,low,11,namecheap,,,27/09/2026 22:38
050b56e7-ef54-44df-9e72-c3b8614faccb,whispering.tv,available,26.99,26.99,high,low,10,namesilo,,,03/09/2026 11:10
831fe10c-6b88-47c6-829b-319589553868,such.tv,resell,,,high,low,4,Dynadot Inc,23/03/2010 17:39,23/03/2027 17:39,28/09/2026 01:50
8a841a8c-7b36-4755-8f08-953f82852dd9,trickily.tv,available,26.99,26.99,low,low,8,namesilo,,,14/09/2026 09:11
2b59e61c-5ca1-41bc-baa3-b4a50d1302f7,wildfires.tv,available,24.98,24.98,medium,low,9,spaceship,,,30/09/2026 07:46
e9d5f29e-f849-405e-9a76-a9049637e505,intestate.tv,available,26.99,26.99,medium,low,9,namesilo,,,22/08/2026 08:24
fa80ea05-922c-4703-989b-d6561a2b0038,competing.tv,available,26.99,26.99,medium,low,9,namesilo,,,
d8e9ec2c-fc3c-46da-b392-1722dee4cf00,calculation.tv,available,26.99,26.99,medium,low,11,namesilo,,,28/09/2026 12:48
4ece505e-4c4b-467f-a0f2-d5683411a3fb,antiserum.tv,available,29.98,40.98,medium,low,9,namecheap,,,19/09/2026 15:05
e1248090-bbae-453f-a81f-4ce5eeda0d69,varicose.tv,available,26.99,26.99,medium,low,8,namesilo,,,13/09/2026 01:20
731195fe-ee15-4e5f-a8ef-c66558ce7adf,answered.tv,available,29.98,40.98,high,low,8,namecheap,,,25/09/2026 16:54
7c36c9eb-fff7-4907-b57b-7f3646aafae5,demonstrate.tv,available,26.99,26.99,high,low,11,namesilo,,,28/09/2026 11:13
0494846f-444b-4d67-a288-bf76a940e28b,chaplin.tv,resell,,,high,low,7,,,,28/09/2026 18:39
2c2bc1d9-02ad-441d-879d-a940c334cac1,galangal.tv,available,41.99,46.99,medium,low,8,name.com,,,18/09/2026 14:03
63a472de-c991-4762-b859-d22c19fc63f0,explanation.tv,available,26.99,26.99,high,low,11,namesilo,,,
7a5cc199-f5db-411c-93da-a28980733cbb,fresher.tv,available,26.99,26.99,high,low,7,namesilo,,,18/08/2026 15:22
d0e2c265-4019-4f4a-b9dd-e81eeb240da2,berry.tv,resell,,,high,low,5,"NameCheap, Inc.",26/07/2010 22:58,26/07/2027 22:58,26/09/2026 04:22
027dff6d-cbf6-4620-a376-51c62eb1e628,araguaia.tv,available,29.98,40.98,medium,low,8,namecheap,,,19/09/2026 23:45
65561559-5358-45f4-8950-c5d58ea6cb10,bicuspid.tv,available,29.98,40.98,high,low,8,namecheap,,,09/08/2026 19:44
a8b27840-8f9d-4810-9c62-4accbbe457d8,presidents.tv,resell,,,medium,low,10,,,,28/09/2026 23:13
9a33dc09-570e-4b83-92cc-c7d96479ce64,disturb.tv,available,24.98,24.98,high,low,7,spaceship,,,30/09/2026 14:01
cee869e3-eeb6-426e-9139-2586824e6170,argonauta.tv,available,26.99,26.99,medium,low,9,namesilo,,,20/09/2026 04:32
79f56f32-6a69-4cb2-b511-be3b8e5f6eb8,averment.tv,available,26.99,26.99,medium,low,8,namesilo,,,20/09/2026 16:16
de428368-774b-4224-935a-b59bac8d0bf1,glamourous.tv,available,26.99,26.99,high,low,10,namesilo,,,19/08/2026 00:17
8541f98c-31e1-4b3c-a71b-4d43c7a749f0,blameless.tv,available,26.99,26.99,high,low,9,namesilo,,,10/08/2026 12:53
cc3cee29-8cc7-46c2-b429-92ac271ccf5d,oracular.tv,available,26.99,26.99,medium,low,8,namesilo,,,04/09/2026 17:12
9917b943-1968-499c-b8a9-cb20e1fc2d28,colouring.tv,available,26.99,26.99,medium,low,9,namesilo,,,12/08/2026 17:33
e26e1614-21eb-4d39-a21b-b8d787f1d954,woody.tv,available,,,high,low,5,,,,
49e670ba-962b-4cc4-b6e0-7b88c960415b,waited.tv,available,26.99,26.99,medium,low,6,namesilo,,,18/09/2026 01:45
245a3a87-6d76-4bed-8e35-c6911ea57956,nicolson.tv,available,24.98,24.98,medium,low,8,spaceship,,,01/10/2026 02:25
c722dad1-bafe-48b7-b7aa-f48059b610ee,heliac.tv,available,26.99,26.99,medium,low,6,namesilo,,,21/08/2026 06:28
a31e0834-6aa9-4941-9281-772bddbbdae1,unseen.tv,resell,,,high,low,6,Dynadot Inc,31/05/2012 08:02,31/05/2027 08:02,26/09/2026 09:53
b0c7f28e-a937-4b79-bf20-b25301d34e80,hairbrush.tv,available,40.98,,high,low,10,namecheap,,,
e26bce79-0dda-447a-89ac-b1bc9bc2e924,relapsing.tv,available,26.99,26.99,medium,low,9,namesilo,,,09/09/2026 16:17
4f8129cc-295c-465b-a05a-94e3e7c960bb,discoid.tv,available,26.99,26.99,medium,low,7,namesilo,,,14/08/2026 09:38
c33b28a5-2f36-47f1-8d23-78e3fc400b36,aeneid.tv,available,26.99,26.99,medium,low,6,namesilo,,,17/09/2026 12:28
3b77bc85-451f-41f2-91c8-3c211c083281,pole.tv,resell,,,high,low,4,Dynadot Inc,21/03/2010 03:46,21/03/2027 03:46,26/09/2026 08:14
b9395efb-f16f-468c-91e1-bc9c1372dc0b,bombast.tv,available,29.98,40.98,medium,low,7,namecheap,,,24/09/2026 03:35
ea6e636e-bbdc-428d-9071-173807d28e47,commanding.tv,available,29.98,40.98,high,low,10,namecheap,,,23/09/2026 15:41
2df2af07-f430-4b86-844c-c07f04684ce7,darrow.tv,available,26.25,26.25,medium,low,6,dynadot,,,30/09/2026 09:12
cfe7add0-d508-4e3f-a6e1-12b88e2337c6,actinide.tv,available,26.99,26.99,medium,low,8,namesilo,,,
b6917d3f-ad1f-4de3-a6f1-7c64f60f58ac,miscellany.tv,available,26.99,26.99,medium,low,10,namesilo,,,25/08/2026 08:20
758269b6-67ca-4a82-b6d8-8bf4e57c6858,tamed.tv,available,26.99,26.99,high,low,5,namesilo,,,11/09/2026 07:46
d6db2b44-e3d0-488d-8e5c-10755c627b31,sallow.tv,available,29.98,40.98,high,medium,6,namecheap,,,09/09/2026 20:56
65a14f41-c797-4e59-ba77-74e7b427c3cf,athanasius.tv,available,29.98,40.98,medium,low,10,namecheap,,,20/09/2026 20:26
83d20641-451e-498f-ba08-7466ccfa228c,caltech.tv,available,24.98,24.98,high,low,7,spaceship,,,30/09/2026 20:50
7d8cf8d7-55cf-4569-a014-6683cbbc9073,exposure.tv,available,,,high,low,8,,,,
4c00289b-7ea6-4290-bd69-6a2e44682449,enticing.tv,available,26.99,26.99,high,low,8,namesilo,,,22/09/2026 01:41
c78d4790-45ee-41d2-a076-d9d02ad0623e,kent.tv,resell,,,high,low,4,,,,27/09/2026 14:35
51e5dd57-382a-47ac-8b48-2533dbb1d8c9,propagated.tv,available,26.99,26.99,medium,low,10,namesilo,,,
a001fa4c-ca0f-497f-81dd-9aa35892b9d5,thyroid.tv,available,26.99,26.99,high,low,7,namesilo,,,11/09/2026 15:18
48cecdc4-cbe7-4ac7-8684-f080129cc244,courtenay.tv,available,26.99,26.99,medium,low,9,namesilo,,,29/09/2026 22:46
b2003058-8f86-4221-b1c6-7c79d5e5eba1,monitors.tv,resell,,,high,low,8,,,,29/09/2026 00:02
deba2ad3-bacc-40fb-ac8d-6e0a739b40e4,transposed.tv,available,29.98,40.98,medium,low,10,namecheap,,,11/09/2026 18:59
ad83403c-c142-4a0b-998e-b6fa43726bb5,disulfiram.tv,available,26.99,26.99,medium,low,10,namesilo,,,19/09/2026 12:22
e48747e7-823e-4993-9dea-5fbc6a1ec5a4,kechua.tv,available,26.99,26.99,medium,low,6,namesilo,,,22/08/2026 15:23
d72e0ac4-82ed-4bbb-8ea7-e7d3c94b3977,rebuilding.tv,available,24.98,24.98,high,low,10,spaceship,,,29/09/2026 20:09
89ca98fe-795b-4686-86f7-1b4382bf32da,tactically.tv,available,29.98,40.98,medium,low,10,namecheap,,,16/09/2026 07:46
c447eb0d-7d12-4fb0-88bc-35326d8f547a,ads.tv,available,,,high,medium,3,,,,
c8c1245d-1a85-4230-ad16-e01b4694acaa,ordinance.tv,available,26.99,26.99,high,low,9,namesilo,,,09/09/2026 13:13
72eb32c0-dd8f-44d1-aa99-e5fd0958e19d,steelyard.tv,available,29.98,40.98,medium,low,9,namecheap,,,22/09/2026 19:57
79c7ab7c-8fc6-454b-ba43-594ee06fdeeb,adamance.tv,available,26.99,26.99,medium,low,8,namesilo,,,17/09/2026 06:15
78e89b5d-b0b8-4168-ad2b-c32d3b4d94e0,gardener.tv,resell,,,medium,low,8,,,,28/09/2026 09:51
dd3a1833-5c2e-4256-bff6-7b4ad58c4b43,aphorism.tv,available,26.99,26.99,medium,low,8,namesilo,,,19/09/2026 17:09
6f887a9c-dc4c-40f5-86c1-f6ebdc2e085a,moreover.tv,available,26.99,26.99,medium,low,8,namesilo,,,14/09/2026 20:44
1c2288ed-cde7-41a2-88be-34406c8f56ff,concordant.tv,available,29.98,40.98,medium,low,10,namecheap,,,12/08/2026 20:16
a5ccf5b3-ac2a-41ef-a531-899143cd60c2,augean.tv,available,26.99,26.99,medium,low,6,namesilo,,,07/08/2026 16:54
fbb9b1c2-b294-4cb2-8264-12d6d4030ba9,orbitual.tv,available,26.99,26.99,medium,low,8,namesilo,,,04/09/2026 17:39
be0d7a73-ed17-48a9-a687-691c16403b5d,retral.tv,available,26.99,26.99,medium,low,6,namesilo,,,09/09/2026 15:44
240bcce4-277c-4b43-99da-8ed45f2ea0de,rink.tv,resell,,,high,low,4,,,,01/10/2026 03:34
75a3960b-1c4b-4d46-8883-41dfd2b965c4,bisque.tv,available,26.99,26.99,high,low,6,namesilo,,,23/09/2026 22:05
d7dc9389-db44-473e-b153-25266ee61f5f,fronts.tv,available,25,25,medium,low,6,cloudflare,,,30/09/2026 15:47
009060bb-e505-44ed-b88c-7f3db1311193,cruising.tv,resell,,,high,low,8,,,,29/09/2026 05:15
8abbac97-f4d4-4694-a26c-dec013c6178e,prelate.tv,available,29.98,40.98,medium,low,7,namecheap,,,20/09/2026 02:36
a566cbad-1213-4710-88bd-bde61109a8ee,dickhead.tv,available,,,medium,low,8,,,,
2c06d13f-6c3c-44b7-99d5-421f186912f2,ribbing.tv,available,26.99,26.99,medium,low,7,namesilo,,,11/09/2026 10:01
db6a5ef9-cc81-4f9b-a121-b8f378ced25d,cream.tv,resell,,,high,low,5,Dynadot Inc,11/08/2010 08:00,11/08/2027 08:00,01/10/2026 02:33
84144c0d-1047-48d8-8a75-2ff944ad77a1,wilberforce.tv,available,24.98,24.98,medium,low,11,spaceship,,,30/09/2026 05:04
ed9d2334-ee50-493e-b1aa-027475e91dca,untaught.tv,available,29.98,40.98,medium,low,8,namecheap,,,12/09/2026 18:56
fc796e18-f83a-4f8b-8acf-08c24e62fef9,left.tv,resell,,,high,low,4,"Name.com, Inc.",18/03/2010 20:10,18/03/2027 20:10,26/09/2026 07:11
3a0441de-0c25-45bd-8141-419d8977184a,chairperson.tv,available,26.99,26.99,high,low,11,namesilo,,,
bf30933e-30ff-450e-91e9-658deaaa1e51,chetah.tv,available,26.99,26.99,medium,low,6,namesilo,,,17/09/2026 01:35
5970c2c3-99b7-49d0-afcd-10116e7e19c7,restrained.tv,available,29.98,40.98,medium,low,10,namecheap,,,20/08/2026 20:43
a6b75542-7e16-4628-b6e4-57e27246554f,excellent.tv,resell,,,high,low,9,"GoDaddy.com, LLC",07/06/2013 08:04,07/06/2027 08:04,26/09/2026 05:56
566dad95-dce0-470d-85a1-b3ce00133b68,regain.tv,available,26.99,26.99,high,low,6,namesilo,,,29/09/2026 02:45
c67e366a-46bd-42b0-98f9-769e55fa0002,calculable.tv,available,26.99,26.99,medium,low,10,namesilo,,,11/08/2026 13:54
6841a8b7-1287-47f0-8e05-a168d8412891,atropos.tv,available,29.98,40.98,medium,low,7,namecheap,,,21/09/2026 01:01
20c2ea24-67c7-4830-9258-818c01597cfb,alienation.tv,available,26.99,26.99,medium,low,10,namesilo,,,18/09/2026 07:35
40ee006f-93d7-483f-bebd-bbdfb8e9ec87,vaned.tv,available,26.99,26.99,medium,low,5,namesilo,,,13/09/2026 01:06
41875c97-f180-40ba-a679-ca9bd2565d38,replying.tv,available,26.99,26.99,medium,low,8,namesilo,,,18/09/2026 12:55
1aa688e8-ccd0-4ac2-bbaa-272169ef4545,jumentous.tv,available,26.99,26.99,low,low,9,namesilo,,,22/08/2026 14:21
6a38640e-a64e-4a62-b9c5-8042c3b789d3,petrograd.tv,available,24.98,24.98,medium,low,9,spaceship,,,29/09/2026 01:34
789ef9dd-cd61-4f53-b2f2-d308d34fe37e,necessarily.tv,available,29.98,40.98,medium,low,11,namecheap,,,01/10/2026 01:47
0d2e0937-e62b-4ed4-8f3d-81b637eda3f6,stormed.tv,available,26.99,26.99,medium,low,7,namesilo,,,20/09/2026 15:47
c2e7a85b-ab58-4977-bc62-e4d48c1b0c3b,angas.tv,available,26.99,26.99,medium,low,5,namesilo,,,19/09/2026 05:46
2e354e3c-60ae-4f10-a8ee-ded2a34c626a,meshuga.tv,available,29.98,40.98,low,low,7,namecheap,,,24/08/2026 21:06
85ff102a-9640-4c4e-a44b-53b74e09162b,organise.tv,available,26.99,26.99,high,low,8,namesilo,,,23/09/2026 23:21
a7fae506-f088-4815-bc84-a46cde4dccd1,bennington.tv,available,26.99,26.99,high,low,10,namesilo,,,23/09/2026 08:33
2d909fce-6fa3-4e3c-a60a-ced3802bce70,ingrowing.tv,available,26.99,26.99,medium,low,9,namesilo,,,22/08/2026 04:54
f02aca1f-0f8b-4872-83b5-05473b61d978,inability.tv,available,26.99,26.99,medium,low,9,namesilo,,,29/09/2026 07:19
98c3c96a-76c2-437f-a6b3-7ae50c2cd1f2,unshapen.tv,available,26.99,26.99,medium,low,8,namesilo,,,12/09/2026 19:33
5d93b6f9-02c5-49c5-a3f8-a150de7b9b14,burnable.tv,available,26.99,26.99,medium,low,8,namesilo,,,11/08/2026 10:44
7723fb97-ac6c-41bc-880d-55db7375399d,abvolt.tv,available,29.98,40.98,medium,low,6,namecheap,,,16/09/2026 19:39
935e90c2-c991-4614-ab8d-a27e5dcd2d4f,similarity.tv,available,24.98,24.98,high,low,10,spaceship,,,29/09/2026 19:30
a8a1c98c-f35c-4c4b-bf08-c323d2e9e790,application.tv,resell,,,high,low,11,,,,27/09/2026 02:05
be006cd7-2270-4898-ae2b-13f153b30f2c,becomes.tv,available,26.99,26.99,medium,low,7,namesilo,,,27/09/2026 10:31
642c5f31-4c0e-4ecc-953c-6ba537844a09,oleaceous.tv,available,26.99,26.99,medium,low,9,namesilo,,,04/09/2026 02:06
3d75421e-3e5d-4674-a32f-7c815eed6df0,unguided.tv,available,26.99,26.99,medium,low,8,namesilo,,,12/09/2026 11:41
5c5cb2f0-bfd3-45de-8a13-4764a6495f75,octavo.tv,available,26.99,26.99,medium,low,6,namesilo,,,16/09/2026 12:43
bc3b7061-2bf9-44dd-b8e7-4b1254de7932,witnesses.tv,available,29.98,40.98,medium,low,9,namecheap,,,25/09/2026 18:59
a946c879-cab9-482a-a25d-7b99c05bde2a,theropod.tv,available,29.98,40.98,medium,low,8,namecheap,,,23/09/2026 19:39
8b184483-4338-4b7b-81b6-ce9a8abd7fab,swaps.tv,resell,,,medium,low,5,1API GmbH,04/05/2010 08:00,04/05/2027 08:00,26/09/2026 09:27
4faa432c-56b1-4649-b8c0-c8de5194cf52,synoptic.tv,available,26.99,26.99,medium,low,8,namesilo,,,11/09/2026 06:33
08aff15e-8839-4e62-9c93-795bf7e514c1,uncrowded.tv,available,26.99,26.99,medium,low,9,namesilo,,,12/09/2026 06:35
b16e1dcb-5640-4dda-846f-167569adb217,bird.tv,resell,,,high,medium,4,"GoDaddy.com, LLC",17/05/2010 17:03,17/05/2027 17:03,29/09/2026 02:46
1de6b783-4b67-4ae4-8c78-5d85bb1a196f,teachings.tv,available,24.98,24.98,medium,low,9,spaceship,,,29/09/2026 23:08
ab13754c-cac6-4d1e-ac32-d82208d4334e,basic.tv,resell,,,high,low,5,Dynadot Inc,05/12/2016 11:50,05/12/2026 11:50,26/09/2026 04:17
df36ec2e-2103-4109-a9d1-d15b84530363,webbed.tv,available,26.99,26.99,medium,low,6,namesilo,,,03/09/2026 16:04
cbb15d85-8e0d-4cc5-9756-a3637b6f8592,irreverent.tv,available,26.99,26.99,medium,low,10,namesilo,,,20/08/2026 16:04
86e5bd10-dbd9-4bb9-b244-d0ca1d2bcddd,fifty.tv,available,,,high,low,5,,,,
85efe699-d2b0-48bf-83ac-ffbb2b7b0ad4,matted.tv,available,26.99,26.99,medium,low,6,namesilo,,,24/08/2026 16:52
a8084529-3eaf-40d5-bd60-38240779510a,starter.tv,resell,,,high,low,7,Dynadot Inc,30/11/2007 09:00,30/11/2026 09:00,26/09/2026 09:16
e95c75e6-ee7a-4b84-adc4-7b70a3820aaa,mastery.tv,resell,,,high,low,7,,,,30/09/2026 10:33
0aa78dfc-0454-4df7-9edc-c1ac3c4c0a8c,validity.tv,available,29.98,40.98,high,low,8,namecheap,,,30/09/2026 17:33
5e37196c-daaa-403b-85c3-65a21be4ea67,exceeding.tv,available,26.99,26.99,high,low,9,namesilo,,,17/08/2026 15:59
2a781b0b-5d95-4944-a5b1-ed71458a0c45,amoxil.tv,available,26.99,26.99,medium,low,6,namesilo,,,18/09/2026 22:54
a6a992ad-68a9-4e5f-82d1-d8e85ca7f081,truths.tv,available,24.98,24.98,medium,low,6,spaceship,,,30/09/2026 06:17
6212954b-8fb4-46e9-8c45-63600156adcf,curtin.tv,available,25,25,medium,low,6,cloudflare,,,29/09/2026 09:07
45ca48a4-9a54-4790-bdae-57f84ff97994,encomium.tv,available,26.99,26.99,medium,low,8,namesilo,,,05/09/2026 00:40
9ec61c25-de8c-4838-a230-ee9eae08e581,foppish.tv,available,41.99,46.99,medium,low,7,name.com,,,13/08/2026 17:05
3536bad8-f252-4f64-b207-3a89206aede2,anjou.tv,available,26.99,26.99,high,low,5,namesilo,,,19/09/2026 09:39
84f93828-3844-4535-bbbf-6e7b3aba1072,arthropoda.tv,available,29.98,40.98,medium,low,10,namecheap,,,20/09/2026 10:41
73194129-a78f-4f86-b63f-3a9736d924ec,commenting.tv,resell,,,high,low,10,1API GmbH,20/04/2010 00:55,20/04/2027 00:55,26/09/2026 05:08
fff71713-631e-4ca0-8752-29422707fdd9,crackpot.tv,available,26.99,26.99,medium,low,8,namesilo,,,10/09/2026 00:10
d4cca502-d2f5-4699-8889-a1b6be498b26,elevators.tv,available,24.98,24.98,low,low,9,spaceship,,,29/09/2026 00:00
1ca651f1-8f7c-444c-8613-929f38728851,bivalvia.tv,available,26.99,26.99,medium,low,8,namesilo,,,23/09/2026 23:16
a020e1c9-9b5f-4029-b84b-57802561b46c,passable.tv,available,26.99,26.99,medium,low,8,namesilo,,,24/09/2026 16:16
fcd7d78e-3e04-4b6e-95f2-1781ab965e3c,ton.tv,resell,,,high,medium,3,,,,28/09/2026 05:55
3c73c752-1bfc-40fb-b2d1-bf619614687f,canasta.tv,available,29.98,40.98,medium,low,7,namecheap,,,22/09/2026 11:16
039faebf-faa2-479b-9df0-81306f934597,shadowy.tv,available,26.99,26.99,medium,low,7,namesilo,,,10/09/2026 05:28
229bc501-02d5-46c0-b7c3-483c7bddb686,greylag.tv,available,26.99,26.99,medium,low,7,namesilo,,,19/09/2026 12:07
1c2e8730-cad0-4b82-8367-839f6d92f7d9,gilligan.tv,available,24.98,24.98,medium,low,8,spaceship,,,30/09/2026 21:55
e293608c-2ec0-4866-a9f1-3339f39d4c69,aeolic.tv,available,26.99,26.99,medium,low,6,namesilo,,,17/09/2026 12:35
74e52756-11c7-4a23-8372-b135914c179a,sesotho.tv,available,26.99,26.99,medium,low,7,namesilo,,,22/09/2026 13:00
48933c18-b8bd-43e9-950e-0aabfbde84e7,stanch.tv,available,29.98,40.98,medium,low,6,namecheap,,,10/09/2026 19:26
5bf117f6-d0cf-4d5a-9fa1-d634993a4145,arranging.tv,available,26.99,26.99,high,low,9,namesilo,,,20/09/2026 08:47
89640d0c-66be-4d1b-b0ec-ab4a281af874,euclidian.tv,available,26.99,26.99,medium,low,9,namesilo,,,17/08/2026 14:04
9a3ee5ec-96d4-4271-bcc3-c1a1a102a893,wounds.tv,resell,,,low,low,6,"eNom, LLC",06/06/2003 17:25,06/06/2027 17:25,26/09/2026 10:14
d343c478-2dd4-4b93-ac9f-33c370c59678,vengeful.tv,available,26.99,26.99,medium,low,8,namesilo,,,27/09/2026 13:56
207afdaf-65d8-4fd4-ac7b-407c80ede263,terms.tv,available,26.99,26.99,high,low,5,namesilo,,,29/09/2026 19:50
d7a2b045-d09d-416b-b75b-b615488ea398,forested.tv,available,26.99,26.99,medium,low,8,namesilo,,,18/08/2026 11:43
e103d731-f0db-40f5-89dc-9f0479361f8c,highlights.tv,resell,,,high,low,10,,,,29/09/2026 17:36
70b33e79-e505-4eb1-a7af-21e4d32a685b,chequebook.tv,available,26.99,26.99,medium,low,10,namesilo,,,24/09/2026 13:58
a766f51e-5502-43a0-9f88-3989bb90e740,centesimal.tv,available,26.99,26.99,medium,low,10,namesilo,,,
56dbb96e-e656-4e81-8bdf-b7eed0ef2c09,aerobiotic.tv,available,26.99,26.99,medium,low,10,namesilo,,,
95aa4a6f-1316-4b14-9ca9-cdad1fc17152,amended.tv,available,26.99,26.99,medium,low,7,namesilo,,,
fd86fbe6-5fc4-4825-94e1-a443802d6eee,parted.tv,available,26.99,26.99,medium,low,6,namesilo,,,08/09/2026 01:57
432aeac7-b173-411b-bdf8-64af9b2dae9e,allowed.tv,available,26.99,26.99,high,low,7,namesilo,,,
babcc8c1-747d-4043-a0a8-7bf90c54b537,cpr.tv,resell,,,high,low,3,Dynadot Inc,06/10/2010 17:38,06/10/2027 17:38,26/09/2026 05:18
78935d8d-33db-44bf-a523-a64a14afbeae,schuylkill.tv,available,26.99,26.99,high,low,10,namesilo,,,28/09/2026 16:50
9088d903-1590-472e-8b16-d5582b8c3e9b,undogmatic.tv,available,26.99,26.99,medium,low,10,namesilo,,,18/08/2026 14:50
feb4e00d-7ab6-473f-a6f1-7509f44b5b8b,invention.tv,resell,,,high,low,9,,,,28/09/2026 02:09
2096c441-4dcc-4b94-a552-df6834565c3f,massacre.tv,available,24.98,24.98,medium,low,8,spaceship,,,28/09/2026 18:34
30b3351f-d611-447a-a9a8-f2976c7f6fea,rainproof.tv,available,26.99,26.99,high,medium,9,namesilo,,,09/09/2026 09:47
41783eac-78da-4a5f-9172-ff3d524e886a,clear.tv,resell,,,high,medium,5,"eNom, LLC",11/10/2000 20:07,11/10/2027 20:07,26/09/2026 04:58
5bdb8c4a-2de7-4681-8afc-64c9521f0776,reichstag.tv,available,26.99,26.99,medium,low,9,namesilo,,,28/09/2026 16:30
729b8608-d33c-4e7e-a06c-490fb7bb13d9,widows.tv,available,26.99,26.99,medium,low,6,namesilo,,,30/09/2026 00:25
a4eadf65-3a3d-428e-a923-224458fc76cb,tipperary.tv,available,26.99,26.99,medium,low,9,namesilo,,,29/09/2026 09:36
bff427c2-d08b-42bd-b5dc-14f3c34abb70,abronia.tv,available,26.99,26.99,medium,low,7,namesilo,,,16/09/2026 17:19
1d46c55a-0531-4f52-8435-132bb83875a8,sublunar.tv,available,26.99,26.99,medium,low,8,namesilo,,,12/08/2026 08:27
ffc86157-f42c-4eaf-ae37-fb7130601507,wolverhampton.tv,resell,,,medium,low,13,,,,29/09/2026 21:58
a0040f77-b31c-4481-9e1d-e3fa5559ac32,alarmingly.tv,available,26.99,26.99,low,low,10,namesilo,,,13/09/2026 18:33
ae7cb88c-a0a3-4a83-9b11-c586dfa940d4,incursive.tv,available,26.99,26.99,medium,low,9,namesilo,,,22/08/2026 02:09
cf112bef-26dd-4d6c-8804-e357ebd15373,murmuring.tv,available,26.99,26.99,medium,low,9,namesilo,,,03/09/2026 11:06
b0c9de03-a47c-4723-b515-8be44fedea56,antiquated.tv,available,26.99,26.99,medium,low,10,namesilo,,,
1e7f9366-f7b5-49fb-9040-e99c0e1c6a97,resolute.tv,resell,,,high,low,8,"GoDaddy.com, LLC",10/09/2020 04:21,10/09/2027 04:21,27/09/2026 12:14
0ac75ac8-6774-4154-9bf9-52ac2c7355fc,anwar.tv,resell,,,medium,low,5,,,,29/09/2026 09:45
83a2a58e-8a62-4df7-9ee8-fc89c3b3e92f,peterborough.tv,available,26.26,26.26,medium,low,12,porkbun,,,28/09/2026 07:36
f045381e-770b-43b2-ac9c-d1011c3ffe65,wreck.tv,resell,,,high,low,5,,,,27/09/2026 05:55
afa5899d-7f59-4d83-9654-884f288f54b4,tenner.tv,available,41.99,46.99,medium,low,6,name.com,,,21/09/2026 10:53
cadcbcdd-8102-4cd0-92b9-e5285e106691,defending.tv,available,26.99,26.99,high,low,9,namesilo,,,13/08/2026 23:13
09c4d8c1-d27b-4f5b-a572-149a5b2d0c43,procession.tv,available,29.98,40.98,high,low,10,namecheap,,,29/09/2026 06:59
982267a4-a0a2-49e3-b193-d500b6166084,gunman.tv,available,26.99,26.99,medium,low,6,namesilo,,,01/10/2026 02:21
2a3b0b37-69f1-45cf-bc16-8d4540adad82,monotonous.tv,available,26.99,26.99,medium,low,10,namesilo,,,25/08/2026 05:30
411455d9-987f-4466-aa33-4889947f8371,ampere.tv,resell,,,high,low,6,Dynadot Inc,27/02/2021 09:01,27/02/2027 09:01,26/09/2026 03:51
e1b1e80a-bc2f-4ddd-9220-3b1589338cd9,fitful.tv,available,26.99,26.99,medium,low,6,namesilo,,,18/08/2026 05:45
8d74610e-ca69-4768-99f0-a7e080e5cf64,reassured.tv,available,26.99,26.99,high,low,9,namesilo,,,09/09/2026 11:12
3822ccb8-73d2-40ac-9303-838c12a008cc,loan.tv,resell,,,high,low,4,Dynadot Inc,10/07/2015 20:58,10/07/2027 20:58,26/09/2026 07:17
45f9e16c-66cc-4ffd-9c8d-ff0075fbfb8f,completing.tv,available,26.99,26.99,high,low,10,namesilo,,,23/09/2026 17:20
c6f6bffe-ca87-46c8-8a7d-13d1179b51a7,antilog.tv,available,26.99,26.99,medium,low,7,namesilo,,,19/09/2026 14:38
7136603e-747e-471f-8c66-35b6f02619da,histrion.tv,available,26.99,26.99,medium,low,8,namesilo,,,11/09/2026 13:07
bbbfddd3-a758-4c70-9334-25cc978623f0,cheers.tv,resell,,,high,low,6,,,,27/09/2026 06:11
4374844d-1c3e-49cf-9691-ce0192aa91ae,courtly.tv,available,26.99,26.99,high,low,7,namesilo,,,13/08/2026 03:50
023e1dfa-8e0e-4d7f-a744-348ccff5666a,archean.tv,available,26.99,26.99,medium,low,7,namesilo,,,06/08/2026 15:05
266c1954-3a2e-492b-9d26-f8204e164998,goggles.tv,resell,,,high,low,7,,,,30/09/2026 17:29
e220743b-eaee-44a6-87f3-10f81a4694ca,coveted.tv,available,26.99,26.99,high,low,7,namesilo,,,24/09/2026 00:56
f8dfe7ce-e977-4100-ac3a-8457b03ae2c5,weblike.tv,available,26.99,26.99,medium,low,7,namesilo,,,03/09/2026 16:06
048a4211-33c2-4a92-b769-de08d7b98b3d,ludicrous.tv,available,26.99,26.99,medium,low,9,namesilo,,,14/08/2026 02:58
2ae3cf12-af42-4818-a341-19d9256c62ad,amused.tv,available,,,high,low,6,,,,
6f1ce02d-4e24-4239-8b1b-6c159e3db3cf,eccentric.tv,available,26.99,26.99,high,low,9,namesilo,,,10/08/2026 09:50
2e4a433c-f24b-4f65-ae75-451c21011e06,paints.tv,resell,,,medium,low,6,,,,29/09/2026 05:51
99458dbb-5857-4255-bf32-91ac17cc39c5,utilizing.tv,available,26.99,26.99,medium,low,9,namesilo,,,28/09/2026 07:08
08cdea06-4f1c-4a53-bf54-531deb6e9561,decoders.tv,available,26.99,26.99,low,low,8,namesilo,,,20/09/2026 07:41
66bcffc0-aca4-44a4-8d88-02711bb02e75,memory.tv,resell,,,high,medium,6,"GoDaddy.com, LLC",01/05/2004 22:31,01/05/2027 22:31,29/09/2026 10:30
7c2adcc3-7caf-4d61-ac62-b97a5546ad6f,nation.tv,resell,,,high,low,6,,,,29/09/2026 03:15
ab35bb29-50ec-4c59-9550-918d0a833be1,retailed.tv,available,26.99,26.99,medium,low,8,namesilo,,,20/09/2026 16:31
2ec39679-35ec-4a7d-b44e-d778ff7880ab,malcontent.tv,available,26.99,26.99,medium,low,10,namesilo,,,14/08/2026 09:23
ae77eead-79fd-49f9-8ad0-729c7ad2ea6c,attlee.tv,available,26.99,26.99,medium,low,6,namesilo,,,16/09/2026 12:16
22a05dab-7958-428f-bb86-330c32b272d0,efforts.tv,available,26.99,26.99,medium,low,7,namesilo,,,27/09/2026 22:23
4100224a-d8b7-4546-918e-8eb592e40b19,baudelaire.tv,available,26.99,26.99,high,low,10,namesilo,,,22/09/2026 16:35
373d41f7-7414-41e7-8871-b2997361c648,verge.tv,resell,,,high,low,5,,,,28/09/2026 18:30
1a835a9a-5c13-4b15-ad06-26a8f682f197,variegate.tv,available,26.99,26.99,medium,low,9,namesilo,,,25/08/2026 08:26
b2a9ac95-5f52-4bab-83f5-6f8c734859fd,latin.tv,resell,,,high,low,5,Dynadot Inc,27/12/2017 09:08,27/12/2026 09:08,26/09/2026 07:09
569cf4f3-bff1-47cb-9cd2-cd40fd734a60,wonderfully.tv,available,26.99,26.99,high,low,11,namesilo,,,
253a93b1-a897-408f-96d3-485fe3d057dd,withdrawing.tv,available,25,25,medium,low,11,cloudflare,,,29/09/2026 21:24
bbf6a70d-7781-4e4d-8d33-b339a4174796,cranial.tv,available,26.99,26.99,medium,low,7,namesilo,,,13/08/2026 04:49
836393b0-4527-42bd-b9ee-94256223085c,jeweled.tv,available,29.98,40.98,high,low,7,namecheap,,,18/08/2026 21:10
7aec3861-f909-4547-84f6-dd820cc15bf7,camwood.tv,available,26.99,26.99,medium,low,7,namesilo,,,17/09/2026 15:22
c419df62-addb-44c8-8e1b-55409ba7a200,swazi.tv,available,26.99,26.99,medium,low,5,namesilo,,,11/09/2026 05:27
06d09be0-0b0b-4eb5-824b-f00f18e8f868,loomis.tv,available,25,25,medium,low,6,cloudflare,,,28/09/2026 12:17
2fda8da7-6344-4328-b597-f203ff672c46,principled.tv,available,26.99,26.99,high,low,10,namesilo,,,27/09/2026 05:57
6315ec52-1b2e-47b2-85a6-ce54b41a5524,birder.tv,available,41.99,46.99,medium,low,6,name.com,,,23/09/2026 20:38
acf87dbf-b59a-4c6f-854d-a56e202a3e7a,inhabitant.tv,available,26.99,26.99,high,low,10,namesilo,,,24/09/2026 21:51
98053c9d-d8de-4e1b-960b-f5b606cfe049,investigative.tv,available,26.99,26.99,medium,low,13,namesilo,,,29/09/2026 08:53
c14adeb7-ca68-43b7-aa7c-abff7add5fa3,sweat.tv,resell,,,high,low,5,Dynadot Inc,15/06/2020 01:41,15/06/2027 01:41,29/09/2026 17:49
2f4f1636-2fc7-4975-8fce-d313cfc78e96,disguise.tv,available,24.98,24.98,high,low,8,spaceship,,,29/09/2026 06:07
bc7fb856-d290-4922-b0e2-4f10facd5c6f,sugared.tv,available,26.99,26.99,medium,low,7,namesilo,,,11/09/2026 01:16
12a3ea66-339a-4ef4-87ea-657bc28cee2b,allusion.tv,available,29.98,40.98,medium,low,8,namecheap,,,18/09/2026 12:15
c3984d85-31db-45db-9bc6-d63618194525,banian.tv,available,41.99,46.99,medium,low,6,name.com,,,22/09/2026 02:05
e4e70e89-cc4f-49c6-819b-b39a3bfe3240,ordeal.tv,available,26.99,26.99,medium,low,6,namesilo,,,29/09/2026 07:47
6c186c0d-19c1-4798-97fd-3bc3656c420d,entirety.tv,available,29.98,40.98,high,low,8,namecheap,,,29/09/2026 18:15
328a1efc-92f2-4ef4-9031-6f9fe4f511cb,seditious.tv,available,26.99,26.99,medium,low,9,namesilo,,,22/08/2026 01:29
06952fac-389e-47a8-a87a-19f378f0b05b,boethius.tv,available,26.99,26.99,medium,low,8,namesilo,,,19/09/2026 08:26
ff4ca890-ac6e-4244-a246-ee3f0292bc05,ammonia.tv,available,26.99,26.99,high,low,7,namesilo,,,18/09/2026 22:08
4d574b27-178e-4782-b44a-451c7e35e013,bahreini.tv,available,26.99,26.99,medium,low,8,namesilo,,,08/08/2026 08:41
7980fe05-f0c8-4e68-a6eb-77db6267e889,recorder.tv,resell,,,high,low,8,,,,28/09/2026 09:46
a125cc43-6223-41e2-b8ad-a450f36cb259,reo.tv,resell,,,medium,low,3,,,,30/09/2026 19:33
8b9bf3c9-7b8a-4e4e-aad4-740c821e850d,adenine.tv,available,29.98,40.98,medium,low,7,namecheap,,,17/09/2026 07:24
81481f6d-8896-415c-83ce-f8564331aa5b,wildcat.tv,resell,,,high,low,7,"Spaceship, Inc.",17/04/2012 20:29,17/04/2028 20:29,26/09/2026 10:09
220129c0-4eb4-46fc-a390-2aabc8ae96e2,anshar.tv,available,26.99,26.99,medium,low,6,namesilo,,,19/09/2026 12:12
6a2ca737-3e97-4eac-9452-db92b0a3361d,bungalow.tv,resell,,,high,low,8,1API GmbH,31/10/2001 01:57,31/10/2027 00:57,26/09/2026 04:40
107f90cf-56ce-43b0-98e7-f6c8db95550b,agra.tv,resell,,,medium,low,4,1API GmbH,28/09/2002 15:30,28/09/2027 15:30,26/09/2026 01:26
e5d54733-5fd0-49f5-8fb9-e85de99fc2c6,ipa.tv,resell,,,high,low,3,,,,29/09/2026 09:21
8c305b80-d341-45cf-8a8f-f8d638c73403,squeezing.tv,available,26.99,26.99,high,low,9,namesilo,,,30/09/2026 18:49
5c046737-f9ff-4a02-a75b-45335c84c0a3,presumably.tv,available,29.98,40.98,medium,low,10,namecheap,,,15/09/2026 21:20
c174931b-0b06-4e71-adfe-0b2a3d3a5c32,drapes.tv,available,26.99,26.99,high,low,6,namesilo,,,17/09/2026 07:49
cac1b7a0-873e-4096-86eb-928aa587ab22,humoring.tv,available,26.99,26.99,high,low,8,namesilo,,,05/09/2026 00:31
12c1ca04-5842-44c5-a013-ff0c816a0000,nuclei.tv,available,26.99,26.99,low,low,6,namesilo,,,
6ac082b3-bdbc-425c-9de3-329f8d4b8e86,prioritize.tv,available,24.98,24.98,high,low,10,spaceship,,,30/09/2026 21:21
9c402f3c-a606-4494-8f64-fd6e0719f532,keys.tv,resell,,,high,medium,4,"Spaceship, Inc.",18/03/2010 14:13,18/03/2027 14:13,26/09/2026 07:04
b8a643e3-84b1-4d97-b8d1-88834a123325,glycogen.tv,available,26.99,26.99,medium,low,8,namesilo,,,19/09/2026 08:46
8fefee9d-c8b7-437a-8c29-d310149e0d6f,dionysia.tv,available,26.99,26.99,medium,low,8,namesilo,,,21/09/2026 13:58
360885c5-f856-4805-afbe-d0c3cf9d9b4a,skillful.tv,resell,,,high,low,8,"Spaceship, Inc.",01/03/2026 01:30,01/03/2027 01:30,26/09/2026 09:03
75acf55a-b84a-45f5-a855-75a03f9a7f32,gormless.tv,available,26.99,26.99,low,low,8,namesilo,,,18/08/2026 20:48
9c765ae5-1192-47e3-8fba-ea108baea7df,barometric.tv,available,29.98,40.98,medium,low,10,namecheap,,,08/08/2026 20:06
5a8f4f0b-3af2-438c-8886-4997346c3901,masoud.tv,available,29.98,40.98,medium,low,6,namecheap,,,17/09/2026 20:25
5a049666-50a2-49a7-9b27-91bb37bc96e0,catalyst.tv,resell,,,high,medium,8,,,,29/09/2026 18:16
bca335f9-94e8-45bf-89ff-32b479e228c4,carrot.tv,resell,,,high,low,6,,,,29/09/2026 00:20
1dbaf192-d997-4a57-9880-a7b202aed59e,positioning.tv,available,24.98,24.98,high,low,11,spaceship,,,29/09/2026 14:53
22ea02ff-e4f1-4398-b23b-9edeb69fd467,blindfold.tv,available,26.99,26.99,high,low,9,namesilo,,,10/08/2026 14:26
7db69764-0bc9-4493-a560-9b94921b858f,initiated.tv,available,25,25,low,low,9,cloudflare,,,29/09/2026 11:07
4cc92447-ad83-4985-ac62-d7f99f39513c,domesticated.tv,available,24.98,24.98,high,low,12,spaceship,,,30/09/2026 19:43
2041e066-9753-41c7-b25e-4f597431001f,acantha.tv,available,29.98,40.98,medium,low,7,namecheap,,,16/09/2026 20:38
2064febe-3c9c-43db-a5e7-43884e88773c,crafty.tv,resell,,,high,low,6,Dynadot Inc,12/08/2005 07:53,12/08/2027 07:53,26/09/2026 05:18
bf5d617a-3d80-4d7c-8aec-d0f3d9262cd9,constitution.tv,resell,,,high,low,12,,,,27/09/2026 16:44
9ddb9f09-dbb1-40b4-b960-d0197ec78aae,alpinist.tv,available,26.99,26.99,medium,low,8,namesilo,,,18/09/2026 14:06
adcfee8c-8963-4f90-8e9c-4e10d545874c,wrinkly.tv,available,26.99,26.99,medium,low,7,namesilo,,,13/09/2026 13:47
c1ff970e-1f93-4032-8d25-7878aa9c2198,experiencing.tv,available,25,25,high,low,12,cloudflare,,,28/09/2026 13:20
18f2945a-ee6b-4f05-a250-13bc703c3047,thoughtless.tv,available,26.99,26.99,medium,low,11,namesilo,,,
ea8b111b-be76-438c-be75-24921edca9b5,telephonic.tv,available,26.99,26.99,medium,low,10,namesilo,,,11/09/2026 10:20
d0f73c52-5851-4862-ae26-ce1607902c41,resurrection.tv,resell,,,high,low,12,,,,28/09/2026 16:51
0500583d-8e5f-4f00-ae3e-214de378685c,apian.tv,available,,,medium,low,5,,,,
650d3995-db2d-4f3d-9cfa-361f46f1e590,baric.tv,available,26.99,26.99,low,low,5,namesilo,,,08/08/2026 19:31
34d3ebf8-011e-4332-8725-488419f5f621,assembled.tv,available,25,25,medium,low,9,cloudflare,,,28/09/2026 23:20
3d18b046-1071-4b6e-b493-6ad1358ecfe5,guts.tv,resell,,,high,low,4,Dynadot Inc,06/06/2018 20:00,06/06/2027 20:00,29/09/2026 21:51
d392d34d-26a6-4354-9fbf-c920e7f4a76e,ultimately.tv,available,24.98,24.98,medium,low,10,spaceship,,,28/09/2026 12:39
cc05e51c-bd93-4cea-90d8-7f885e03a06c,cumulative.tv,available,26.99,26.99,high,low,10,namesilo,,,
ce623ef0-d862-4181-9d63-aefd4a2229fa,pushed.tv,available,29.98,40.98,medium,low,6,namecheap,,,25/09/2026 18:24
9ef38b0a-2292-4dd2-ad00-f38c719a6998,schonberg.tv,available,26.99,26.99,medium,low,9,namesilo,,,20/09/2026 08:20
de70e299-cc24-4a57-be3f-07daea5d0a41,oftentimes.tv,available,29.98,40.98,medium,low,10,namecheap,,,14/09/2026 20:04